id,source,split,positive,group,image,json
DR2001730250_20221026,0,train,0,DR2001730250,DR2001730250_20221026.tif,DR2001730250_20221026.json
DR2001730250_20221108,0,train,0,DR2001730250,DR2001730250_20221108.tif,DR2001730250_20221108.json
DR2001730250_20221118,0,train,0,DR2001730250,DR2001730250_20221118.tif,DR2001730250_20221118.json
DR2001730250_20221123,0,train,0,DR2001730250,DR2001730250_20221123.tif,DR2001730250_20221123.json
DR2001730250_20221208,0,train,0,DR2001730250,DR2001730250_20221208.tif,DR2001730250_20221208.json
DR2001730251_20220901,0,train,0,DR2001730251,DR2001730251_20220901.tif,DR2001730251_20220901.json
DR2001730251_20220907,0,train,0,DR2001730251,DR2001730251_20220907.tif,DR2001730251_20220907.json
DR2001730251_20220921,0,train,0,DR2001730251,DR2001730251_20220921.tif,DR2001730251_20220921.json
DR2001730251_20221014,0,train,1,DR2001730251,DR2001730251_20221014.tif,DR2001730251_20221014.json
DR2001730251_20221020,0,train,1,DR2001730251,DR2001730251_20221020.tif,DR2001730251_20221020.json
DR2001730251_20221026,0,train,0,DR2001730251,DR2001730251_20221026.tif,DR2001730251_20221026.json
DR2001730251_20221108,0,train,0,DR2001730251,DR2001730251_20221108.tif,DR2001730251_20221108.json
DR2001730251_20221118,0,train,0,DR2001730251,DR2001730251_20221118.tif,DR2001730251_20221118.json
DR2001730251_20221123,0,train,0,DR2001730251,DR2001730251_20221123.tif,DR2001730251_20221123.json
DR2001730251_20221208,0,train,0,DR2001730251,DR2001730251_20221208.tif,DR2001730251_20221208.json
DR2001740249_20220901,0,train,0,DR2001740249,DR2001740249_20220901.tif,DR2001740249_20220901.json
DR2001740249_20220907,0,train,0,DR2001740249,DR2001740249_20220907.tif,DR2001740249_20220907.json
DR2001740249_20220921,0,train,0,DR2001740249,DR2001740249_20220921.tif,DR2001740249_20220921.json
DR2001740249_20221014,0,train,0,DR2001740249,DR2001740249_20221014.tif,DR2001740249_20221014.json
DR2001740249_20221020,0,train,0,DR2001740249,DR2001740249_20221020.tif,DR2001740249_20221020.json
DR2001740249_20221026,0,train,0,DR2001740249,DR2001740249_20221026.tif,DR2001740249_20221026.json
DR2001740249_20221108,0,train,0,DR2001740249,DR2001740249_20221108.tif,DR2001740249_20221108.json
DR2001740249_20221118,0,train,0,DR2001740249,DR2001740249_20221118.tif,DR2001740249_20221118.json
DR2001740249_20221123,0,train,0,DR2001740249,DR2001740249_20221123.tif,DR2001740249_20221123.json
DR2001740249_20221208,0,train,0,DR2001740249,DR2001740249_20221208.tif,DR2001740249_20221208.json
DR2001740250_20220901,0,train,0,DR2001740250,DR2001740250_20220901.tif,DR2001740250_20220901.json
DR2001740250_20220907,0,train,0,DR2001740250,DR2001740250_20220907.tif,DR2001740250_20220907.json
DR2001740250_20220921,0,train,0,DR2001740250,DR2001740250_20220921.tif,DR2001740250_20220921.json
DR2001740250_20221014,0,train,1,DR2001740250,DR2001740250_20221014.tif,DR2001740250_20221014.json
DR2001740250_20221020,0,train,1,DR2001740250,DR2001740250_20221020.tif,DR2001740250_20221020.json
DR2001740250_20221026,0,train,0,DR2001740250,DR2001740250_20221026.tif,DR2001740250_20221026.json
DR2001740250_20221108,0,train,0,DR2001740250,DR2001740250_20221108.tif,DR2001740250_20221108.json
DR2001740250_20221118,0,train,0,DR2001740250,DR2001740250_20221118.tif,DR2001740250_20221118.json
DR2001740250_20221123,0,train,0,DR2001740250,DR2001740250_20221123.tif,DR2001740250_20221123.json
DR2001740250_20221208,0,train,0,DR2001740250,DR2001740250_20221208.tif,DR2001740250_20221208.json
DR2001740251_20220901,0,train,0,DR2001740251,DR2001740251_20220901.tif,DR2001740251_20220901.json
DR2001740251_20220907,0,train,0,DR2001740251,DR2001740251_20220907.tif,DR2001740251_20220907.json
DR2001740251_20220921,0,train,0,DR2001740251,DR2001740251_20220921.tif,DR2001740251_20220921.json
DR2001740251_20221014,0,train,1,DR2001740251,DR2001740251_20221014.tif,DR2001740251_20221014.json
DR2001740251_20221020,0,train,1,DR2001740251,DR2001740251_20221020.tif,DR2001740251_20221020.json
DR2001740251_20221026,0,train,0,DR2001740251,DR2001740251_20221026.tif,DR2001740251_20221026.json
DR2001740251_20221108,0,train,0,DR2001740251,DR2001740251_20221108.tif,DR2001740251_20221108.json
DR2001740251_20221118,0,train,0,DR2001740251,DR2001740251_20221118.tif,DR2001740251_20221118.json
DR2001740251_20221123,0,train,0,DR2001740251,DR2001740251_20221123.tif,DR2001740251_20221123.json
DR2001740251_20221208,0,train,0,DR2001740251,DR2001740251_20221208.tif,DR2001740251_20221208.json
DR2001740252_20220901,0,train,0,DR2001740252,DR2001740252_20220901.tif,DR2001740252_20220901.json
DR2001740252_20220907,0,train,0,DR2001740252,DR2001740252_20220907.tif,DR2001740252_20220907.json
DR2001740252_20220921,0,train,0,DR2001740252,DR2001740252_20220921.tif,DR2001740252_20220921.json
DR2001740252_20221014,0,train,0,DR2001740252,DR2001740252_20221014.tif,DR2001740252_20221014.json
DR2001740252_20221020,0,train,0,DR2001740252,DR2001740252_20221020.tif,DR2001740252_20221020.json
DR2001740252_20221026,0,train,0,DR2001740252,DR2001740252_20221026.tif,DR2001740252_20221026.json
DR2001740252_20221108,0,train,0,DR2001740252,DR2001740252_20221108.tif,DR2001740252_20221108.json
DR2001740252_20221118,0,train,0,DR2001740252,DR2001740252_20221118.tif,DR2001740252_20221118.json
DR2001740252_20221123,0,train,0,DR2001740252,DR2001740252_20221123.tif,DR2001740252_20221123.json
DR2001740252_20221208,0,train,0,DR2001740252,DR2001740252_20221208.tif,DR2001740252_20221208.json
DR2001750249_20220901,0,train,0,DR2001750249,DR2001750249_20220901.tif,DR2001750249_20220901.json
DR2001750249_20220907,0,train,0,DR2001750249,DR2001750249_20220907.tif,DR2001750249_20220907.json
DR2001750249_20220921,0,train,0,DR2001750249,DR2001750249_20220921.tif,DR2001750249_20220921.json
DR2001750249_20221014,0,train,0,DR2001750249,DR2001750249_20221014.tif,DR2001750249_20221014.json
DR2001750249_20221020,0,train,0,DR2001750249,DR2001750249_20221020.tif,DR2001750249_20221020.json
DR2001750249_20221026,0,train,0,DR2001750249,DR2001750249_20221026.tif,DR2001750249_20221026.json
DR2001750249_20221108,0,train,0,DR2001750249,DR2001750249_20221108.tif,DR2001750249_20221108.json
DR2001750249_20221118,0,train,0,DR2001750249,DR2001750249_20221118.tif,DR2001750249_20221118.json
DR2001750249_20221123,0,train,0,DR2001750249,DR2001750249_20221123.tif,DR2001750249_20221123.json
DR2001750249_20221208,0,train,0,DR2001750249,DR2001750249_20221208.tif,DR2001750249_20221208.json
DR2001750250_20220901,0,train,0,DR2001750250,DR2001750250_20220901.tif,DR2001750250_20220901.json
DR2001750250_20220907,0,train,0,DR2001750250,DR2001750250_20220907.tif,DR2001750250_20220907.json
DR2001750250_20220921,0,train,0,DR2001750250,DR2001750250_20220921.tif,DR2001750250_20220921.json
DR2001750250_20221014,0,train,0,DR2001750250,DR2001750250_20221014.tif,DR2001750250_20221014.json
DR2001750250_20221020,0,train,0,DR2001750250,DR2001750250_20221020.tif,DR2001750250_20221020.json
DR2001750250_20221026,0,train,0,DR2001750250,DR2001750250_20221026.tif,DR2001750250_20221026.json
DR2001750250_20221108,0,train,0,DR2001750250,DR2001750250_20221108.tif,DR2001750250_20221108.json
DR2001750250_20221118,0,train,0,DR2001750250,DR2001750250_20221118.tif,DR2001750250_20221118.json
DR2001750250_20221123,0,train,0,DR2001750250,DR2001750250_20221123.tif,DR2001750250_20221123.json
DR2001750250_20221208,0,train,0,DR2001750250,DR2001750250_20221208.tif,DR2001750250_20221208.json
DR2001750251_20220901,0,train,0,DR2001750251,DR2001750251_20220901.tif,DR2001750251_20220901.json
DR2001750251_20220907,0,train,0,DR2001750251,DR2001750251_20220907.tif,DR2001750251_20220907.json
DR2001750251_20220921,0,train,0,DR2001750251,DR2001750251_20220921.tif,DR2001750251_20220921.json
DR2001750251_20221014,0,train,0,DR2001750251,DR2001750251_20221014.tif,DR2001750251_20221014.json
DR2001750251_20221020,0,train,0,DR2001750251,DR2001750251_20221020.tif,DR2001750251_20221020.json
DR2001750251_20221026,0,train,0,DR2001750251,DR2001750251_20221026.tif,DR2001750251_20221026.json
DR2001750251_20221108,0,train,0,DR2001750251,DR2001750251_20221108.tif,DR2001750251_20221108.json
DR2001750251_20221118,0,train,0,DR2001750251,DR2001750251_20221118.tif,DR2001750251_20221118.json
DR2001750251_20221123,0,train,0,DR2001750251,DR2001750251_20221123.tif,DR2001750251_20221123.json
DR2001750251_20221208,0,train,0,DR2001750251,DR2001750251_20221208.tif,DR2001750251_20221208.json
DR2001760250_20220901,0,train,0,DR2001760250,DR2001760250_20220901.tif,DR2001760250_20220901.json
DR2001760250_20220907,0,train,0,DR2001760250,DR2001760250_20220907.tif,DR2001760250_20220907.json
DR2001760250_20220921,0,train,0,DR2001760250,DR2001760250_20220921.tif,DR2001760250_20220921.json
DR2001760250_20221014,0,train,0,DR2001760250,DR2001760250_20221014.tif,DR2001760250_20221014.json
DR2001760250_20221020,0,train,0,DR2001760250,DR2001760250_20221020.tif,DR2001760250_20221020.json
DR2001760250_20221026,0,train,0,DR2001760250,DR2001760250_20221026.tif,DR2001760250_20221026.json
DR2001760250_20221108,0,train,0,DR2001760250,DR2001760250_20221108.tif,DR2001760250_20221108.json
DR2001760250_20221118,0,train,0,DR2001760250,DR2001760250_20221118.tif,DR2001760250_20221118.json
DR2001760250_20221123,0,train,0,DR2001760250,DR2001760250_20221123.tif,DR2001760250_20221123.json
DR2001760250_20221208,0,train,0,DR2001760250,DR2001760250_20221208.tif,DR2001760250_20221208.json
DR2001760251_20220901,0,train,0,DR2001760251,DR2001760251_20220901.tif,DR2001760251_20220901.json
DR2001760251_20220907,0,train,0,DR2001760251,DR2001760251_20220907.tif,DR2001760251_20220907.json
DR2001760251_20220921,0,train,0,DR2001760251,DR2001760251_20220921.tif,DR2001760251_20220921.json
DR2001760251_20221014,0,train,0,DR2001760251,DR2001760251_20221014.tif,DR2001760251_20221014.json
DR2001760251_20221020,0,train,0,DR2001760251,DR2001760251_20221020.tif,DR2001760251_20221020.json
DR2001760251_20221026,0,train,0,DR2001760251,DR2001760251_20221026.tif,DR2001760251_20221026.json
DR2001760251_20221108,0,train,0,DR2001760251,DR2001760251_20221108.tif,DR2001760251_20221108.json
DR2001760251_20221118,0,train,0,DR2001760251,DR2001760251_20221118.tif,DR2001760251_20221118.json
DR2001760251_20221123,0,train,0,DR2001760251,DR2001760251_20221123.tif,DR2001760251_20221123.json
DR2001760251_20221208,0,train,0,DR2001760251,DR2001760251_20221208.tif,DR2001760251_20221208.json
DR2001760252_20220901,0,train,0,DR2001760252,DR2001760252_20220901.tif,DR2001760252_20220901.json
DR2001760252_20220907,0,train,0,DR2001760252,DR2001760252_20220907.tif,DR2001760252_20220907.json
DR2001760252_20220921,0,train,0,DR2001760252,DR2001760252_20220921.tif,DR2001760252_20220921.json
DR2001760252_20221014,0,train,0,DR2001760252,DR2001760252_20221014.tif,DR2001760252_20221014.json
DR2001760252_20221020,0,train,0,DR2001760252,DR2001760252_20221020.tif,DR2001760252_20221020.json
DR2001760252_20221026,0,train,0,DR2001760252,DR2001760252_20221026.tif,DR2001760252_20221026.json
DR2001760252_20221108,0,train,0,DR2001760252,DR2001760252_20221108.tif,DR2001760252_20221108.json
DR2001760252_20221118,0,train,0,DR2001760252,DR2001760252_20221118.tif,DR2001760252_20221118.json
DR2001760252_20221123,0,train,0,DR2001760252,DR2001760252_20221123.tif,DR2001760252_20221123.json
DR2001760252_20221208,0,train,0,DR2001760252,DR2001760252_20221208.tif,DR2001760252_20221208.json
DR2001770249_20220901,0,train,0,DR2001770249,DR2001770249_20220901.tif,DR2001770249_20220901.json
DR2001770249_20220907,0,train,0,DR2001770249,DR2001770249_20220907.tif,DR2001770249_20220907.json
DR2001770249_20220921,0,train,0,DR2001770249,DR2001770249_20220921.tif,DR2001770249_20220921.json
DR2001770249_20221014,0,train,0,DR2001770249,DR2001770249_20221014.tif,DR2001770249_20221014.json
DR2001770249_20221020,0,train,0,DR2001770249,DR2001770249_20221020.tif,DR2001770249_20221020.json
DR2001770249_20221026,0,train,0,DR2001770249,DR2001770249_20221026.tif,DR2001770249_20221026.json
DR2001770249_20221108,0,train,0,DR2001770249,DR2001770249_20221108.tif,DR2001770249_20221108.json
DR2001770249_20221118,0,train,0,DR2001770249,DR2001770249_20221118.tif,DR2001770249_20221118.json
DR2001770249_20221123,0,train,0,DR2001770249,DR2001770249_20221123.tif,DR2001770249_20221123.json
DR2001770249_20221208,0,train,0,DR2001770249,DR2001770249_20221208.tif,DR2001770249_20221208.json
DR2001770250_20220901,0,train,0,DR2001770250,DR2001770250_20220901.tif,DR2001770250_20220901.json
DR2001770250_20220907,0,train,0,DR2001770250,DR2001770250_20220907.tif,DR2001770250_20220907.json
DR2001770250_20220921,0,train,0,DR2001770250,DR2001770250_20220921.tif,DR2001770250_20220921.json
DR2001770250_20221014,0,train,0,DR2001770250,DR2001770250_20221014.tif,DR2001770250_20221014.json
DR2001770250_20221020,0,train,0,DR2001770250,DR2001770250_20221020.tif,DR2001770250_20221020.json
DR2001770250_20221026,0,train,0,DR2001770250,DR2001770250_20221026.tif,DR2001770250_20221026.json
DR2001770250_20221108,0,train,0,DR2001770250,DR2001770250_20221108.tif,DR2001770250_20221108.json
DR2001770250_20221118,0,train,0,DR2001770250,DR2001770250_20221118.tif,DR2001770250_20221118.json
DR2001770250_20221123,0,train,0,DR2001770250,DR2001770250_20221123.tif,DR2001770250_20221123.json
DR2001770250_20221208,0,train,0,DR2001770250,DR2001770250_20221208.tif,DR2001770250_20221208.json
DR2001770251_20220901,0,train,0,DR2001770251,DR2001770251_20220901.tif,DR2001770251_20220901.json
DR2001770251_20220907,0,train,0,DR2001770251,DR2001770251_20220907.tif,DR2001770251_20220907.json
DR2001770251_20220921,0,train,0,DR2001770251,DR2001770251_20220921.tif,DR2001770251_20220921.json
DR2001770251_20221014,0,train,0,DR2001770251,DR2001770251_20221014.tif,DR2001770251_20221014.json
DR2001770251_20221020,0,train,0,DR2001770251,DR2001770251_20221020.tif,DR2001770251_20221020.json
DR2001770251_20221026,0,train,1,DR2001770251,DR2001770251_20221026.tif,DR2001770251_20221026.json
DR2001770251_20221108,0,train,1,DR2001770251,DR2001770251_20221108.tif,DR2001770251_20221108.json
DR2001770251_20221118,0,train,1,DR2001770251,DR2001770251_20221118.tif,DR2001770251_20221118.json
DR2001770251_20221123,0,train,1,DR2001770251,DR2001770251_20221123.tif,DR2001770251_20221123.json
DR2001770251_20221208,0,train,1,DR2001770251,DR2001770251_20221208.tif,DR2001770251_20221208.json
DR2001770252_20220901,0,train,0,DR2001770252,DR2001770252_20220901.tif,DR2001770252_20220901.json
DR2001770252_20220907,0,train,0,DR2001770252,DR2001770252_20220907.tif,DR2001770252_20220907.json
DR2001770252_20220921,0,train,0,DR2001770252,DR2001770252_20220921.tif,DR2001770252_20220921.json
DR2001770252_20221014,0,train,0,DR2001770252,DR2001770252_20221014.tif,DR2001770252_20221014.json
DR2001770252_20221020,0,train,0,DR2001770252,DR2001770252_20221020.tif,DR2001770252_20221020.json
DR2001770252_20221026,0,train,1,DR2001770252,DR2001770252_20221026.tif,DR2001770252_20221026.json
DR2001770252_20221108,0,train,1,DR2001770252,DR2001770252_20221108.tif,DR2001770252_20221108.json
DR2001770252_20221118,0,train,1,DR2001770252,DR2001770252_20221118.tif,DR2001770252_20221118.json
DR2001770252_20221123,0,train,1,DR2001770252,DR2001770252_20221123.tif,DR2001770252_20221123.json
DR2001770252_20221208,0,train,1,DR2001770252,DR2001770252_20221208.tif,DR2001770252_20221208.json
DR2001780249_20220901,0,train,0,DR2001780249,DR2001780249_20220901.tif,DR2001780249_20220901.json
DR2001780249_20220907,0,train,0,DR2001780249,DR2001780249_20220907.tif,DR2001780249_20220907.json
DR2001780249_20220921,0,train,0,DR2001780249,DR2001780249_20220921.tif,DR2001780249_20220921.json
DR2001780249_20221014,0,train,0,DR2001780249,DR2001780249_20221014.tif,DR2001780249_20221014.json
DR2001780249_20221020,0,train,0,DR2001780249,DR2001780249_20221020.tif,DR2001780249_20221020.json
DR2001780249_20221026,0,train,0,DR2001780249,DR2001780249_20221026.tif,DR2001780249_20221026.json
DR2001780249_20221108,0,train,0,DR2001780249,DR2001780249_20221108.tif,DR2001780249_20221108.json
DR2001780249_20221118,0,train,0,DR2001780249,DR2001780249_20221118.tif,DR2001780249_20221118.json
DR2001780249_20221123,0,train,0,DR2001780249,DR2001780249_20221123.tif,DR2001780249_20221123.json
DR2001780249_20221208,0,train,0,DR2001780249,DR2001780249_20221208.tif,DR2001780249_20221208.json
DR2001780250_20220901,0,train,1,DR2001780250,DR2001780250_20220901.tif,DR2001780250_20220901.json
DR2001780250_20220907,0,train,0,DR2001780250,DR2001780250_20220907.tif,DR2001780250_20220907.json
DR2001780250_20220921,0,train,0,DR2001780250,DR2001780250_20220921.tif,DR2001780250_20220921.json
DR2001780250_20221014,0,train,0,DR2001780250,DR2001780250_20221014.tif,DR2001780250_20221014.json
DR2001780250_20221020,0,train,0,DR2001780250,DR2001780250_20221020.tif,DR2001780250_20221020.json
DR2001780250_20221026,0,train,0,DR2001780250,DR2001780250_20221026.tif,DR2001780250_20221026.json
DR2001780250_20221108,0,train,0,DR2001780250,DR2001780250_20221108.tif,DR2001780250_20221108.json
DR2001780250_20221118,0,train,0,DR2001780250,DR2001780250_20221118.tif,DR2001780250_20221118.json
DR2001780250_20221123,0,train,0,DR2001780250,DR2001780250_20221123.tif,DR2001780250_20221123.json
DR2001780250_20221208,0,train,0,DR2001780250,DR2001780250_20221208.tif,DR2001780250_20221208.json
DR2001780251_20220901,0,train,1,DR2001780251,DR2001780251_20220901.tif,DR2001780251_20220901.json
DR2001780251_20220907,0,train,0,DR2001780251,DR2001780251_20220907.tif,DR2001780251_20220907.json
DR2001780251_20220921,0,train,0,DR2001780251,DR2001780251_20220921.tif,DR2001780251_20220921.json
DR2001780251_20221014,0,train,0,DR2001780251,DR2001780251_20221014.tif,DR2001780251_20221014.json
DR2001780251_20221020,0,train,0,DR2001780251,DR2001780251_20221020.tif,DR2001780251_20221020.json
DR2001780251_20221026,0,train,0,DR2001780251,DR2001780251_20221026.tif,DR2001780251_20221026.json
DR2001780251_20221108,0,train,0,DR2001780251,DR2001780251_20221108.tif,DR2001780251_20221108.json
DR2001780251_20221118,0,train,0,DR2001780251,DR2001780251_20221118.tif,DR2001780251_20221118.json
DR2001780251_20221123,0,train,0,DR2001780251,DR2001780251_20221123.tif,DR2001780251_20221123.json
DR2001780251_20221208,0,train,0,DR2001780251,DR2001780251_20221208.tif,DR2001780251_20221208.json
DR2001780252_20220901,0,train,0,DR2001780252,DR2001780252_20220901.tif,DR2001780252_20220901.json
DR2001780252_20220907,0,train,0,DR2001780252,DR2001780252_20220907.tif,DR2001780252_20220907.json
DR2001780252_20220921,0,train,0,DR2001780252,DR2001780252_20220921.tif,DR2001780252_20220921.json
DR2001780252_20221014,0,train,0,DR2001780252,DR2001780252_20221014.tif,DR2001780252_20221014.json
DR2001780252_20221020,0,train,0,DR2001780252,DR2001780252_20221020.tif,DR2001780252_20221020.json
DR2001780252_20221026,0,train,0,DR2001780252,DR2001780252_20221026.tif,DR2001780252_20221026.json
DR2001780252_20221108,0,train,0,DR2001780252,DR2001780252_20221108.tif,DR2001780252_20221108.json
DR2001780252_20221118,0,train,0,DR2001780252,DR2001780252_20221118.tif,DR2001780252_20221118.json
DR2001780252_20221123,0,train,0,DR2001780252,DR2001780252_20221123.tif,DR2001780252_20221123.json
DR2001780252_20221208,0,train,0,DR2001780252,DR2001780252_20221208.tif,DR2001780252_20221208.json
DR2001790249_20220901,0,train,0,DR2001790249,DR2001790249_20220901.tif,DR2001790249_20220901.json
DR2001790249_20220907,0,train,0,DR2001790249,DR2001790249_20220907.tif,DR2001790249_20220907.json
DR2001790249_20220921,0,train,0,DR2001790249,DR2001790249_20220921.tif,DR2001790249_20220921.json
DR2001790249_20221014,0,train,0,DR2001790249,DR2001790249_20221014.tif,DR2001790249_20221014.json
DR2001790249_20221020,0,train,0,DR2001790249,DR2001790249_20221020.tif,DR2001790249_20221020.json
DR2001790249_20221026,0,train,0,DR2001790249,DR2001790249_20221026.tif,DR2001790249_20221026.json
DR2001790249_20221108,0,train,0,DR2001790249,DR2001790249_20221108.tif,DR2001790249_20221108.json
DR2001790249_20221118,0,train,0,DR2001790249,DR2001790249_20221118.tif,DR2001790249_20221118.json
DR2001790249_20221123,0,train,0,DR2001790249,DR2001790249_20221123.tif,DR2001790249_20221123.json
DR2001790249_20221208,0,train,0,DR2001790249,DR2001790249_20221208.tif,DR2001790249_20221208.json
DR2001790250_20220901,0,train,1,DR2001790250,DR2001790250_20220901.tif,DR2001790250_20220901.json
DR2001790250_20220907,0,train,0,DR2001790250,DR2001790250_20220907.tif,DR2001790250_20220907.json
DR2001790250_20220921,0,train,0,DR2001790250,DR2001790250_20220921.tif,DR2001790250_20220921.json
DR2001790250_20221014,0,train,0,DR2001790250,DR2001790250_20221014.tif,DR2001790250_20221014.json
DR2001790250_20221020,0,train,0,DR2001790250,DR2001790250_20221020.tif,DR2001790250_20221020.json
DR2001790250_20221026,0,train,0,DR2001790250,DR2001790250_20221026.tif,DR2001790250_20221026.json
DR2001790250_20221108,0,train,0,DR2001790250,DR2001790250_20221108.tif,DR2001790250_20221108.json
DR2001790250_20221118,0,train,0,DR2001790250,DR2001790250_20221118.tif,DR2001790250_20221118.json
DR2001790250_20221123,0,train,0,DR2001790250,DR2001790250_20221123.tif,DR2001790250_20221123.json
DR2001790250_20221208,0,train,0,DR2001790250,DR2001790250_20221208.tif,DR2001790250_20221208.json
DR2001790251_20220901,0,train,0,DR2001790251,DR2001790251_20220901.tif,DR2001790251_20220901.json
DR2001790251_20220907,0,train,0,DR2001790251,DR2001790251_20220907.tif,DR2001790251_20220907.json
DR2001790251_20220921,0,train,0,DR2001790251,DR2001790251_20220921.tif,DR2001790251_20220921.json
DR2001790251_20221014,0,train,0,DR2001790251,DR2001790251_20221014.tif,DR2001790251_20221014.json
DR2001790251_20221020,0,train,0,DR2001790251,DR2001790251_20221020.tif,DR2001790251_20221020.json
DR2001790251_20221026,0,train,0,DR2001790251,DR2001790251_20221026.tif,DR2001790251_20221026.json
DR2001790251_20221108,0,train,0,DR2001790251,DR2001790251_20221108.tif,DR2001790251_20221108.json
DR2001790251_20221118,0,train,0,DR2001790251,DR2001790251_20221118.tif,DR2001790251_20221118.json
DR2001790251_20221123,0,train,0,DR2001790251,DR2001790251_20221123.tif,DR2001790251_20221123.json
DR2001790251_20221208,0,train,0,DR2001790251,DR2001790251_20221208.tif,DR2001790251_20221208.json
DR2001800249_20220901,0,train,0,DR2001800249,DR2001800249_20220901.tif,DR2001800249_20220901.json
DR2001800249_20220907,0,train,0,DR2001800249,DR2001800249_20220907.tif,DR2001800249_20220907.json
DR2001800249_20220921,0,train,0,DR2001800249,DR2001800249_20220921.tif,DR2001800249_20220921.json
DR2001800249_20221014,0,train,0,DR2001800249,DR2001800249_20221014.tif,DR2001800249_20221014.json
DR2001800249_20221020,0,train,0,DR2001800249,DR2001800249_20221020.tif,DR2001800249_20221020.json
DR2001800249_20221026,0,train,0,DR2001800249,DR2001800249_20221026.tif,DR2001800249_20221026.json
DR2001800249_20221108,0,train,0,DR2001800249,DR2001800249_20221108.tif,DR2001800249_20221108.json
DR2001800249_20221118,0,train,0,DR2001800249,DR2001800249_20221118.tif,DR2001800249_20221118.json
DR2001800249_20221123,0,train,0,DR2001800249,DR2001800249_20221123.tif,DR2001800249_20221123.json
DR2001800249_20221208,0,train,0,DR2001800249,DR2001800249_20221208.tif,DR2001800249_20221208.json
DR2001800250_20220901,0,train,0,DR2001800250,DR2001800250_20220901.tif,DR2001800250_20220901.json
DR2001800250_20220907,0,train,0,DR2001800250,DR2001800250_20220907.tif,DR2001800250_20220907.json
DR2001800250_20220921,0,train,0,DR2001800250,DR2001800250_20220921.tif,DR2001800250_20220921.json
DR2001800250_20221014,0,train,0,DR2001800250,DR2001800250_20221014.tif,DR2001800250_20221014.json
DR2001800250_20221020,0,train,0,DR2001800250,DR2001800250_20221020.tif,DR2001800250_20221020.json
DR2001800250_20221026,0,train,0,DR2001800250,DR2001800250_20221026.tif,DR2001800250_20221026.json
DR2001800250_20221108,0,train,0,DR2001800250,DR2001800250_20221108.tif,DR2001800250_20221108.json
DR2001800250_20221118,0,train,0,DR2001800250,DR2001800250_20221118.tif,DR2001800250_20221118.json
DR2001800250_20221123,0,train,0,DR2001800250,DR2001800250_20221123.tif,DR2001800250_20221123.json
DR2001800250_20221208,0,train,0,DR2001800250,DR2001800250_20221208.tif,DR2001800250_20221208.json
DR2001800251_20220901,0,train,0,DR2001800251,DR2001800251_20220901.tif,DR2001800251_20220901.json
DR2001800251_20220907,0,train,0,DR2001800251,DR2001800251_20220907.tif,DR2001800251_20220907.json
DR2001800251_20220921,0,train,0,DR2001800251,DR2001800251_20220921.tif,DR2001800251_20220921.json
DR2001800251_20221014,0,train,0,DR2001800251,DR2001800251_20221014.tif,DR2001800251_20221014.json
DR2001800251_20221020,0,train,0,DR2001800251,DR2001800251_20221020.tif,DR2001800251_20221020.json
DR2001800251_20221026,0,train,0,DR2001800251,DR2001800251_20221026.tif,DR2001800251_20221026.json
DR2001800251_20221108,0,train,0,DR2001800251,DR2001800251_20221108.tif,DR2001800251_20221108.json
DR2001800251_20221118,0,train,0,DR2001800251,DR2001800251_20221118.tif,DR2001800251_20221118.json
DR2001800251_20221123,0,train,0,DR2001800251,DR2001800251_20221123.tif,DR2001800251_20221123.json
DR2001800251_20221208,0,train,0,DR2001800251,DR2001800251_20221208.tif,DR2001800251_20221208.json
DR2001850245_20220901,0,train,0,DR2001850245,DR2001850245_20220901.tif,DR2001850245_20220901.json
DR2001850245_20220907,0,train,0,DR2001850245,DR2001850245_20220907.tif,DR2001850245_20220907.json
DR2001850245_20220921,0,train,0,DR2001850245,DR2001850245_20220921.tif,DR2001850245_20220921.json
DR2001850245_20221014,0,train,0,DR2001850245,DR2001850245_20221014.tif,DR2001850245_20221014.json
DR2001850245_20221020,0,train,0,DR2001850245,DR2001850245_20221020.tif,DR2001850245_20221020.json
DR2001850245_20221026,0,train,0,DR2001850245,DR2001850245_20221026.tif,DR2001850245_20221026.json
DR2001850245_20221108,0,train,0,DR2001850245,DR2001850245_20221108.tif,DR2001850245_20221108.json
DR2001850245_20221118,0,train,0,DR2001850245,DR2001850245_20221118.tif,DR2001850245_20221118.json
DR2001850245_20221123,0,train,0,DR2001850245,DR2001850245_20221123.tif,DR2001850245_20221123.json
DR2001850245_20221208,0,train,0,DR2001850245,DR2001850245_20221208.tif,DR2001850245_20221208.json
DR2001850246_20220901,0,train,0,DR2001850246,DR2001850246_20220901.tif,DR2001850246_20220901.json
DR2001850246_20220907,0,train,0,DR2001850246,DR2001850246_20220907.tif,DR2001850246_20220907.json
DR2001850246_20220921,0,train,0,DR2001850246,DR2001850246_20220921.tif,DR2001850246_20220921.json
DR2001850246_20221014,0,train,0,DR2001850246,DR2001850246_20221014.tif,DR2001850246_20221014.json
DR2001850246_20221020,0,train,0,DR2001850246,DR2001850246_20221020.tif,DR2001850246_20221020.json
DR2001850246_20221026,0,train,0,DR2001850246,DR2001850246_20221026.tif,DR2001850246_20221026.json
DR2001850246_20221108,0,train,0,DR2001850246,DR2001850246_20221108.tif,DR2001850246_20221108.json
DR2001850246_20221118,0,train,0,DR2001850246,DR2001850246_20221118.tif,DR2001850246_20221118.json
DR2001850246_20221123,0,train,0,DR2001850246,DR2001850246_20221123.tif,DR2001850246_20221123.json
DR2001850246_20221208,0,train,0,DR2001850246,DR2001850246_20221208.tif,DR2001850246_20221208.json
DR2001850247_20220901,0,train,0,DR2001850247,DR2001850247_20220901.tif,DR2001850247_20220901.json
DR2001850247_20220907,0,train,0,DR2001850247,DR2001850247_20220907.tif,DR2001850247_20220907.json
DR2001850247_20220921,0,train,0,DR2001850247,DR2001850247_20220921.tif,DR2001850247_20220921.json
DR2001850247_20221014,0,train,0,DR2001850247,DR2001850247_20221014.tif,DR2001850247_20221014.json
DR2001850247_20221020,0,train,0,DR2001850247,DR2001850247_20221020.tif,DR2001850247_20221020.json
DR2001850247_20221026,0,train,0,DR2001850247,DR2001850247_20221026.tif,DR2001850247_20221026.json
DR2001850247_20221108,0,train,0,DR2001850247,DR2001850247_20221108.tif,DR2001850247_20221108.json
DR2001850247_20221118,0,train,0,DR2001850247,DR2001850247_20221118.tif,DR2001850247_20221118.json
DR2001850247_20221123,0,train,0,DR2001850247,DR2001850247_20221123.tif,DR2001850247_20221123.json
DR2001850247_20221208,0,train,0,DR2001850247,DR2001850247_20221208.tif,DR2001850247_20221208.json
DR2001850248_20220901,0,train,0,DR2001850248,DR2001850248_20220901.tif,DR2001850248_20220901.json
DR2001850248_20220907,0,train,0,DR2001850248,DR2001850248_20220907.tif,DR2001850248_20220907.json
DR2001850248_20220921,0,train,0,DR2001850248,DR2001850248_20220921.tif,DR2001850248_20220921.json
DR2001850248_20221014,0,train,0,DR2001850248,DR2001850248_20221014.tif,DR2001850248_20221014.json
DR2001850248_20221020,0,train,0,DR2001850248,DR2001850248_20221020.tif,DR2001850248_20221020.json
DR2001850248_20221026,0,train,0,DR2001850248,DR2001850248_20221026.tif,DR2001850248_20221026.json
DR2001850248_20221108,0,train,0,DR2001850248,DR2001850248_20221108.tif,DR2001850248_20221108.json
DR2001850248_20221118,0,train,0,DR2001850248,DR2001850248_20221118.tif,DR2001850248_20221118.json
DR2001850248_20221123,0,train,0,DR2001850248,DR2001850248_20221123.tif,DR2001850248_20221123.json
DR2001850248_20221208,0,train,0,DR2001850248,DR2001850248_20221208.tif,DR2001850248_20221208.json
DR2001860245_20220901,0,train,0,DR2001860245,DR2001860245_20220901.tif,DR2001860245_20220901.json
DR2001860245_20220907,0,train,0,DR2001860245,DR2001860245_20220907.tif,DR2001860245_20220907.json
DR2001860245_20220921,0,train,0,DR2001860245,DR2001860245_20220921.tif,DR2001860245_20220921.json
DR2001860245_20221014,0,train,0,DR2001860245,DR2001860245_20221014.tif,DR2001860245_20221014.json
DR2001860245_20221020,0,train,0,DR2001860245,DR2001860245_20221020.tif,DR2001860245_20221020.json
DR2001860245_20221026,0,train,0,DR2001860245,DR2001860245_20221026.tif,DR2001860245_20221026.json
DR2001860245_20221108,0,train,0,DR2001860245,DR2001860245_20221108.tif,DR2001860245_20221108.json
DR2001860245_20221118,0,train,0,DR2001860245,DR2001860245_20221118.tif,DR2001860245_20221118.json
DR2001860245_20221123,0,train,0,DR2001860245,DR2001860245_20221123.tif,DR2001860245_20221123.json
DR2001860245_20221208,0,train,0,DR2001860245,DR2001860245_20221208.tif,DR2001860245_20221208.json
DR2001860246_20220901,0,train,0,DR2001860246,DR2001860246_20220901.tif,DR2001860246_20220901.json
DR2001860246_20220907,0,train,0,DR2001860246,DR2001860246_20220907.tif,DR2001860246_20220907.json
DR2001860246_20220921,0,train,0,DR2001860246,DR2001860246_20220921.tif,DR2001860246_20220921.json
DR2001860246_20221014,0,train,1,DR2001860246,DR2001860246_20221014.tif,DR2001860246_20221014.json
DR2001860246_20221020,0,train,1,DR2001860246,DR2001860246_20221020.tif,DR2001860246_20221020.json
DR2001860246_20221026,0,train,1,DR2001860246,DR2001860246_20221026.tif,DR2001860246_20221026.json
DR2001860246_20221108,0,train,1,DR2001860246,DR2001860246_20221108.tif,DR2001860246_20221108.json
DR2001860246_20221118,0,train,1,DR2001860246,DR2001860246_20221118.tif,DR2001860246_20221118.json
DR2001860246_20221123,0,train,1,DR2001860246,DR2001860246_20221123.tif,DR2001860246_20221123.json
DR2001860246_20221208,0,train,1,DR2001860246,DR2001860246_20221208.tif,DR2001860246_20221208.json
DR2001860247_20220901,0,train,0,DR2001860247,DR2001860247_20220901.tif,DR2001860247_20220901.json
DR2001860247_20220907,0,train,0,DR2001860247,DR2001860247_20220907.tif,DR2001860247_20220907.json
DR2001860247_20220921,0,train,0,DR2001860247,DR2001860247_20220921.tif,DR2001860247_20220921.json
DR2001860247_20221014,0,train,1,DR2001860247,DR2001860247_20221014.tif,DR2001860247_20221014.json
DR2001860247_20221020,0,train,1,DR2001860247,DR2001860247_20221020.tif,DR2001860247_20221020.json
DR2001860247_20221026,0,train,1,DR2001860247,DR2001860247_20221026.tif,DR2001860247_20221026.json
DR2001860247_20221108,0,train,1,DR2001860247,DR2001860247_20221108.tif,DR2001860247_20221108.json
DR2001860247_20221118,0,train,1,DR2001860247,DR2001860247_20221118.tif,DR2001860247_20221118.json
DR2001860247_20221123,0,train,1,DR2001860247,DR2001860247_20221123.tif,DR2001860247_20221123.json
DR2001860247_20221208,0,train,1,DR2001860247,DR2001860247_20221208.tif,DR2001860247_20221208.json
DR2001860248_20220901,0,train,0,DR2001860248,DR2001860248_20220901.tif,DR2001860248_20220901.json
DR2001860248_20220907,0,train,0,DR2001860248,DR2001860248_20220907.tif,DR2001860248_20220907.json
DR2001860248_20220921,0,train,0,DR2001860248,DR2001860248_20220921.tif,DR2001860248_20220921.json
DR2001860248_20221014,0,train,0,DR2001860248,DR2001860248_20221014.tif,DR2001860248_20221014.json
DR2001860248_20221020,0,train,0,DR2001860248,DR2001860248_20221020.tif,DR2001860248_20221020.json
DR2001860248_20221026,0,train,0,DR2001860248,DR2001860248_20221026.tif,DR2001860248_20221026.json
DR2001860248_20221108,0,train,0,DR2001860248,DR2001860248_20221108.tif,DR2001860248_20221108.json
DR2001860248_20221118,0,train,0,DR2001860248,DR2001860248_20221118.tif,DR2001860248_20221118.json
DR2001860248_20221123,0,train,0,DR2001860248,DR2001860248_20221123.tif,DR2001860248_20221123.json
DR2001860248_20221208,0,train,0,DR2001860248,DR2001860248_20221208.tif,DR2001860248_20221208.json
DR2001870245_20220901,0,excluded_buffer,0,DR2001870245,DR2001870245_20220901.tif,DR2001870245_20220901.json
DR2001870245_20220907,0,excluded_buffer,0,DR2001870245,DR2001870245_20220907.tif,DR2001870245_20220907.json
DR2001870245_20220921,0,excluded_buffer,0,DR2001870245,DR2001870245_20220921.tif,DR2001870245_20220921.json
DR2001870245_20221014,0,excluded_buffer,0,DR2001870245,DR2001870245_20221014.tif,DR2001870245_20221014.json
DR2001870245_20221020,0,excluded_buffer,0,DR2001870245,DR2001870245_20221020.tif,DR2001870245_20221020.json
DR2001870245_20221026,0,excluded_buffer,0,DR2001870245,DR2001870245_20221026.tif,DR2001870245_20221026.json
DR2001870245_20221108,0,excluded_buffer,0,DR2001870245,DR2001870245_20221108.tif,DR2001870245_20221108.json
DR2001870245_20221118,0,excluded_buffer,0,DR2001870245,DR2001870245_20221118.tif,DR2001870245_20221118.json
DR2001870245_20221123,0,excluded_buffer,0,DR2001870245,DR2001870245_20221123.tif,DR2001870245_20221123.json
DR2001870245_20221208,0,excluded_buffer,0,DR2001870245,DR2001870245_20221208.tif,DR2001870245_20221208.json
DR2001870246_20220901,0,excluded_buffer,0,DR2001870246,DR2001870246_20220901.tif,DR2001870246_20220901.json
DR2001870246_20220907,0,excluded_buffer,0,DR2001870246,DR2001870246_20220907.tif,DR2001870246_20220907.json
DR2001870246_20220921,0,excluded_buffer,0,DR2001870246,DR2001870246_20220921.tif,DR2001870246_20220921.json
DR2001870246_20221014,0,excluded_buffer,0,DR2001870246,DR2001870246_20221014.tif,DR2001870246_20221014.json
DR2001870246_20221020,0,excluded_buffer,0,DR2001870246,DR2001870246_20221020.tif,DR2001870246_20221020.json
DR2001870246_20221026,0,excluded_buffer,0,DR2001870246,DR2001870246_20221026.tif,DR2001870246_20221026.json
DR2001870246_20221108,0,excluded_buffer,0,DR2001870246,DR2001870246_20221108.tif,DR2001870246_20221108.json
DR2001870246_20221118,0,excluded_buffer,0,DR2001870246,DR2001870246_20221118.tif,DR2001870246_20221118.json
DR2001870246_20221123,0,excluded_buffer,0,DR2001870246,DR2001870246_20221123.tif,DR2001870246_20221123.json
DR2001870246_20221208,0,excluded_buffer,0,DR2001870246,DR2001870246_20221208.tif,DR2001870246_20221208.json
DR2001870247_20220901,0,excluded_buffer,0,DR2001870247,DR2001870247_20220901.tif,DR2001870247_20220901.json
DR2001870247_20220907,0,excluded_buffer,0,DR2001870247,DR2001870247_20220907.tif,DR2001870247_20220907.json
DR2001870247_20220921,0,excluded_buffer,0,DR2001870247,DR2001870247_20220921.tif,DR2001870247_20220921.json
DR2001870247_20221014,0,excluded_buffer,0,DR2001870247,DR2001870247_20221014.tif,DR2001870247_20221014.json
DR2001870247_20221020,0,excluded_buffer,0,DR2001870247,DR2001870247_20221020.tif,DR2001870247_20221020.json
DR2001870247_20221026,0,excluded_buffer,0,DR2001870247,DR2001870247_20221026.tif,DR2001870247_20221026.json
DR2001870247_20221108,0,excluded_buffer,0,DR2001870247,DR2001870247_20221108.tif,DR2001870247_20221108.json
DR2001870247_20221118,0,excluded_buffer,0,DR2001870247,DR2001870247_20221118.tif,DR2001870247_20221118.json
DR2001870247_20221123,0,excluded_buffer,0,DR2001870247,DR2001870247_20221123.tif,DR2001870247_20221123.json
DR2001870247_20221208,0,excluded_buffer,0,DR2001870247,DR2001870247_20221208.tif,DR2001870247_20221208.json
DR2001870248_20220901,0,excluded_buffer,0,DR2001870248,DR2001870248_20220901.tif,DR2001870248_20220901.json
DR2001870248_20220907,0,excluded_buffer,0,DR2001870248,DR2001870248_20220907.tif,DR2001870248_20220907.json
DR2001870248_20220921,0,excluded_buffer,0,DR2001870248,DR2001870248_20220921.tif,DR2001870248_20220921.json
DR2001870248_20221014,0,excluded_buffer,0,DR2001870248,DR2001870248_20221014.tif,DR2001870248_20221014.json
DR2001870248_20221020,0,excluded_buffer,0,DR2001870248,DR2001870248_20221020.tif,DR2001870248_20221020.json
DR2001870248_20221026,0,excluded_buffer,0,DR2001870248,DR2001870248_20221026.tif,DR2001870248_20221026.json
DR2001870248_20221108,0,excluded_buffer,0,DR2001870248,DR2001870248_20221108.tif,DR2001870248_20221108.json
DR2001870248_20221118,0,excluded_buffer,0,DR2001870248,DR2001870248_20221118.tif,DR2001870248_20221118.json
DR2001870248_20221123,0,excluded_buffer,0,DR2001870248,DR2001870248_20221123.tif,DR2001870248_20221123.json
DR2001870248_20221208,0,excluded_buffer,0,DR2001870248,DR2001870248_20221208.tif,DR2001870248_20221208.json
DR2001880245_20220901,0,excluded_buffer,0,DR2001880245,DR2001880245_20220901.tif,DR2001880245_20220901.json
DR2001880245_20220907,0,excluded_buffer,0,DR2001880245,DR2001880245_20220907.tif,DR2001880245_20220907.json
DR2001880245_20220921,0,excluded_buffer,0,DR2001880245,DR2001880245_20220921.tif,DR2001880245_20220921.json
DR2001880245_20221014,0,excluded_buffer,0,DR2001880245,DR2001880245_20221014.tif,DR2001880245_20221014.json
DR2001880245_20221020,0,excluded_buffer,0,DR2001880245,DR2001880245_20221020.tif,DR2001880245_20221020.json
DR2001880245_20221026,0,excluded_buffer,0,DR2001880245,DR2001880245_20221026.tif,DR2001880245_20221026.json
DR2001880245_20221108,0,excluded_buffer,0,DR2001880245,DR2001880245_20221108.tif,DR2001880245_20221108.json
DR2001880245_20221118,0,excluded_buffer,0,DR2001880245,DR2001880245_20221118.tif,DR2001880245_20221118.json
DR2001880245_20221123,0,excluded_buffer,0,DR2001880245,DR2001880245_20221123.tif,DR2001880245_20221123.json
DR2001880245_20221208,0,excluded_buffer,0,DR2001880245,DR2001880245_20221208.tif,DR2001880245_20221208.json
DR2001880246_20220901,0,val,0,DR2001880246,DR2001880246_20220901.tif,DR2001880246_20220901.json
DR2001880246_20220907,0,val,0,DR2001880246,DR2001880246_20220907.tif,DR2001880246_20220907.json
DR2001880246_20220921,0,val,0,DR2001880246,DR2001880246_20220921.tif,DR2001880246_20220921.json
DR2001880246_20221014,0,val,0,DR2001880246,DR2001880246_20221014.tif,DR2001880246_20221014.json
DR2001880246_20221020,0,val,0,DR2001880246,DR2001880246_20221020.tif,DR2001880246_20221020.json
DR2001880246_20221026,0,val,0,DR2001880246,DR2001880246_20221026.tif,DR2001880246_20221026.json
DR2001880246_20221108,0,val,1,DR2001880246,DR2001880246_20221108.tif,DR2001880246_20221108.json
DR2001880246_20221118,0,val,1,DR2001880246,DR2001880246_20221118.tif,DR2001880246_20221118.json
DR2001880246_20221123,0,val,1,DR2001880246,DR2001880246_20221123.tif,DR2001880246_20221123.json
DR2001880246_20221208,0,val,1,DR2001880246,DR2001880246_20221208.tif,DR2001880246_20221208.json
DR2001880247_20220901,0,val,0,DR2001880247,DR2001880247_20220901.tif,DR2001880247_20220901.json
DR2001880247_20220907,0,val,0,DR2001880247,DR2001880247_20220907.tif,DR2001880247_20220907.json
DR2001880247_20220921,0,val,0,DR2001880247,DR2001880247_20220921.tif,DR2001880247_20220921.json
DR2001880247_20221014,0,val,0,DR2001880247,DR2001880247_20221014.tif,DR2001880247_20221014.json
DR2001880247_20221020,0,val,0,DR2001880247,DR2001880247_20221020.tif,DR2001880247_20221020.json
DR2001880247_20221026,0,val,0,DR2001880247,DR2001880247_20221026.tif,DR2001880247_20221026.json
DR2001880247_20221108,0,val,1,DR2001880247,DR2001880247_20221108.tif,DR2001880247_20221108.json
DR2001880247_20221118,0,val,1,DR2001880247,DR2001880247_20221118.tif,DR2001880247_20221118.json
DR2001880247_20221123,0,val,1,DR2001880247,DR2001880247_20221123.tif,DR2001880247_20221123.json
DR2001880247_20221208,0,val,1,DR2001880247,DR2001880247_20221208.tif,DR2001880247_20221208.json
DR2001880248_20220901,0,excluded_buffer,0,DR2001880248,DR2001880248_20220901.tif,DR2001880248_20220901.json
DR2001880248_20220907,0,excluded_buffer,0,DR2001880248,DR2001880248_20220907.tif,DR2001880248_20220907.json
DR2001880248_20220921,0,excluded_buffer,0,DR2001880248,DR2001880248_20220921.tif,DR2001880248_20220921.json
DR2001880248_20221014,0,excluded_buffer,0,DR2001880248,DR2001880248_20221014.tif,DR2001880248_20221014.json
DR2001880248_20221020,0,excluded_buffer,0,DR2001880248,DR2001880248_20221020.tif,DR2001880248_20221020.json
DR2001880248_20221026,0,excluded_buffer,0,DR2001880248,DR2001880248_20221026.tif,DR2001880248_20221026.json
DR2001880248_20221108,0,excluded_buffer,0,DR2001880248,DR2001880248_20221108.tif,DR2001880248_20221108.json
DR2001880248_20221118,0,excluded_buffer,0,DR2001880248,DR2001880248_20221118.tif,DR2001880248_20221118.json
DR2001880248_20221123,0,excluded_buffer,0,DR2001880248,DR2001880248_20221123.tif,DR2001880248_20221123.json
DR2001880248_20221208,0,excluded_buffer,0,DR2001880248,DR2001880248_20221208.tif,DR2001880248_20221208.json
DR2001890245_20220901,0,excluded_buffer,0,DR2001890245,DR2001890245_20220901.tif,DR2001890245_20220901.json
DR2001890245_20220907,0,excluded_buffer,0,DR2001890245,DR2001890245_20220907.tif,DR2001890245_20220907.json
DR2001890245_20220921,0,excluded_buffer,0,DR2001890245,DR2001890245_20220921.tif,DR2001890245_20220921.json
DR2001890245_20221014,0,excluded_buffer,0,DR2001890245,DR2001890245_20221014.tif,DR2001890245_20221014.json
DR2001890245_20221020,0,excluded_buffer,0,DR2001890245,DR2001890245_20221020.tif,DR2001890245_20221020.json
DR2001890245_20221026,0,excluded_buffer,0,DR2001890245,DR2001890245_20221026.tif,DR2001890245_20221026.json
DR2001890245_20221108,0,excluded_buffer,0,DR2001890245,DR2001890245_20221108.tif,DR2001890245_20221108.json
DR2001890245_20221118,0,excluded_buffer,0,DR2001890245,DR2001890245_20221118.tif,DR2001890245_20221118.json
DR2001890245_20221123,0,excluded_buffer,0,DR2001890245,DR2001890245_20221123.tif,DR2001890245_20221123.json
DR2001890245_20221208,0,excluded_buffer,0,DR2001890245,DR2001890245_20221208.tif,DR2001890245_20221208.json
DR2001890246_20220901,0,val,0,DR2001890246,DR2001890246_20220901.tif,DR2001890246_20220901.json
DR2001890246_20220907,0,val,0,DR2001890246,DR2001890246_20220907.tif,DR2001890246_20220907.json
DR2001890246_20220921,0,val,0,DR2001890246,DR2001890246_20220921.tif,DR2001890246_20220921.json
DR2001890246_20221014,0,val,0,DR2001890246,DR2001890246_20221014.tif,DR2001890246_20221014.json
DR2001890246_20221020,0,val,0,DR2001890246,DR2001890246_20221020.tif,DR2001890246_20221020.json
DR2001890246_20221026,0,val,0,DR2001890246,DR2001890246_20221026.tif,DR2001890246_20221026.json
DR2001890246_20221108,0,val,1,DR2001890246,DR2001890246_20221108.tif,DR2001890246_20221108.json
DR2001890246_20221118,0,val,1,DR2001890246,DR2001890246_20221118.tif,DR2001890246_20221118.json
DR2001890246_20221123,0,val,1,DR2001890246,DR2001890246_20221123.tif,DR2001890246_20221123.json
DR2001890246_20221208,0,val,1,DR2001890246,DR2001890246_20221208.tif,DR2001890246_20221208.json
DR2001890247_20220901,0,val,0,DR2001890247,DR2001890247_20220901.tif,DR2001890247_20220901.json
DR2001890247_20220907,0,val,0,DR2001890247,DR2001890247_20220907.tif,DR2001890247_20220907.json
DR2001890247_20220921,0,val,0,DR2001890247,DR2001890247_20220921.tif,DR2001890247_20220921.json
DR2001890247_20221014,0,val,0,DR2001890247,DR2001890247_20221014.tif,DR2001890247_20221014.json
DR2001890247_20221020,0,val,0,DR2001890247,DR2001890247_20221020.tif,DR2001890247_20221020.json
DR2001890247_20221026,0,val,0,DR2001890247,DR2001890247_20221026.tif,DR2001890247_20221026.json
DR2001890247_20221108,0,val,1,DR2001890247,DR2001890247_20221108.tif,DR2001890247_20221108.json
DR2001890247_20221118,0,val,1,DR2001890247,DR2001890247_20221118.tif,DR2001890247_20221118.json
DR2001890247_20221123,0,val,1,DR2001890247,DR2001890247_20221123.tif,DR2001890247_20221123.json
DR2001890247_20221208,0,val,1,DR2001890247,DR2001890247_20221208.tif,DR2001890247_20221208.json
DR2001890248_20220901,0,excluded_buffer,0,DR2001890248,DR2001890248_20220901.tif,DR2001890248_20220901.json
DR2001890248_20220907,0,excluded_buffer,0,DR2001890248,DR2001890248_20220907.tif,DR2001890248_20220907.json
DR2001890248_20220921,0,excluded_buffer,0,DR2001890248,DR2001890248_20220921.tif,DR2001890248_20220921.json
DR2001890248_20221014,0,excluded_buffer,0,DR2001890248,DR2001890248_20221014.tif,DR2001890248_20221014.json
DR2001890248_20221020,0,excluded_buffer,0,DR2001890248,DR2001890248_20221020.tif,DR2001890248_20221020.json
DR2001890248_20221026,0,excluded_buffer,0,DR2001890248,DR2001890248_20221026.tif,DR2001890248_20221026.json
DR2001890248_20221108,0,excluded_buffer,0,DR2001890248,DR2001890248_20221108.tif,DR2001890248_20221108.json
DR2001890248_20221118,0,excluded_buffer,0,DR2001890248,DR2001890248_20221118.tif,DR2001890248_20221118.json
DR2001890248_20221123,0,excluded_buffer,0,DR2001890248,DR2001890248_20221123.tif,DR2001890248_20221123.json
DR2001890248_20221208,0,excluded_buffer,0,DR2001890248,DR2001890248_20221208.tif,DR2001890248_20221208.json
DR2001900237_20220901,0,train,0,DR2001900237,DR2001900237_20220901.tif,DR2001900237_20220901.json
DR2001900237_20220907,0,train,0,DR2001900237,DR2001900237_20220907.tif,DR2001900237_20220907.json
DR2001900237_20220921,0,train,0,DR2001900237,DR2001900237_20220921.tif,DR2001900237_20220921.json
DR2001900237_20221014,0,train,0,DR2001900237,DR2001900237_20221014.tif,DR2001900237_20221014.json
DR2001900237_20221020,0,train,0,DR2001900237,DR2001900237_20221020.tif,DR2001900237_20221020.json
DR2001900237_20221026,0,train,0,DR2001900237,DR2001900237_20221026.tif,DR2001900237_20221026.json
DR2001900237_20221108,0,train,0,DR2001900237,DR2001900237_20221108.tif,DR2001900237_20221108.json
DR2001900237_20221118,0,train,0,DR2001900237,DR2001900237_20221118.tif,DR2001900237_20221118.json
DR2001900237_20221123,0,train,0,DR2001900237,DR2001900237_20221123.tif,DR2001900237_20221123.json
DR2001900237_20221208,0,train,0,DR2001900237,DR2001900237_20221208.tif,DR2001900237_20221208.json
DR2001900238_20220901,0,train,0,DR2001900238,DR2001900238_20220901.tif,DR2001900238_20220901.json
DR2001900238_20220907,0,train,0,DR2001900238,DR2001900238_20220907.tif,DR2001900238_20220907.json
DR2001900238_20220921,0,train,0,DR2001900238,DR2001900238_20220921.tif,DR2001900238_20220921.json
DR2001900238_20221014,0,train,0,DR2001900238,DR2001900238_20221014.tif,DR2001900238_20221014.json
DR2001900238_20221020,0,train,0,DR2001900238,DR2001900238_20221020.tif,DR2001900238_20221020.json
DR2001900238_20221026,0,train,0,DR2001900238,DR2001900238_20221026.tif,DR2001900238_20221026.json
DR2001900238_20221108,0,train,0,DR2001900238,DR2001900238_20221108.tif,DR2001900238_20221108.json
DR2001900238_20221118,0,train,0,DR2001900238,DR2001900238_20221118.tif,DR2001900238_20221118.json
DR2001900238_20221123,0,train,0,DR2001900238,DR2001900238_20221123.tif,DR2001900238_20221123.json
DR2001900238_20221208,0,train,0,DR2001900238,DR2001900238_20221208.tif,DR2001900238_20221208.json
DR2001900239_20220901,0,train,0,DR2001900239,DR2001900239_20220901.tif,DR2001900239_20220901.json
DR2001900239_20220907,0,train,0,DR2001900239,DR2001900239_20220907.tif,DR2001900239_20220907.json
DR2001900239_20220921,0,train,0,DR2001900239,DR2001900239_20220921.tif,DR2001900239_20220921.json
DR2001900239_20221014,0,train,0,DR2001900239,DR2001900239_20221014.tif,DR2001900239_20221014.json
DR2001900239_20221020,0,train,0,DR2001900239,DR2001900239_20221020.tif,DR2001900239_20221020.json
DR2001900239_20221026,0,train,0,DR2001900239,DR2001900239_20221026.tif,DR2001900239_20221026.json
DR2001900239_20221108,0,train,0,DR2001900239,DR2001900239_20221108.tif,DR2001900239_20221108.json
DR2001900239_20221118,0,train,0,DR2001900239,DR2001900239_20221118.tif,DR2001900239_20221118.json
DR2001900239_20221123,0,train,0,DR2001900239,DR2001900239_20221123.tif,DR2001900239_20221123.json
DR2001900239_20221208,0,train,0,DR2001900239,DR2001900239_20221208.tif,DR2001900239_20221208.json
DR2001900240_20220901,0,train,0,DR2001900240,DR2001900240_20220901.tif,DR2001900240_20220901.json
DR2001900240_20220907,0,train,0,DR2001900240,DR2001900240_20220907.tif,DR2001900240_20220907.json
DR2001900240_20220921,0,train,0,DR2001900240,DR2001900240_20220921.tif,DR2001900240_20220921.json
DR2001900240_20221014,0,train,0,DR2001900240,DR2001900240_20221014.tif,DR2001900240_20221014.json
DR2001900240_20221020,0,train,0,DR2001900240,DR2001900240_20221020.tif,DR2001900240_20221020.json
DR2001900240_20221026,0,train,0,DR2001900240,DR2001900240_20221026.tif,DR2001900240_20221026.json
DR2001900240_20221108,0,train,0,DR2001900240,DR2001900240_20221108.tif,DR2001900240_20221108.json
DR2001900240_20221118,0,train,0,DR2001900240,DR2001900240_20221118.tif,DR2001900240_20221118.json
DR2001900240_20221123,0,train,0,DR2001900240,DR2001900240_20221123.tif,DR2001900240_20221123.json
DR2001900240_20221208,0,train,0,DR2001900240,DR2001900240_20221208.tif,DR2001900240_20221208.json
DR2001900241_20220901,0,train,0,DR2001900241,DR2001900241_20220901.tif,DR2001900241_20220901.json
DR2001900241_20220907,0,train,0,DR2001900241,DR2001900241_20220907.tif,DR2001900241_20220907.json
DR2001900241_20220921,0,train,0,DR2001900241,DR2001900241_20220921.tif,DR2001900241_20220921.json
DR2001900241_20221014,0,train,0,DR2001900241,DR2001900241_20221014.tif,DR2001900241_20221014.json
DR2001900241_20221020,0,train,0,DR2001900241,DR2001900241_20221020.tif,DR2001900241_20221020.json
DR2001900241_20221026,0,train,0,DR2001900241,DR2001900241_20221026.tif,DR2001900241_20221026.json
DR2001900241_20221108,0,train,0,DR2001900241,DR2001900241_20221108.tif,DR2001900241_20221108.json
DR2001900241_20221118,0,train,0,DR2001900241,DR2001900241_20221118.tif,DR2001900241_20221118.json
DR2001900241_20221123,0,train,0,DR2001900241,DR2001900241_20221123.tif,DR2001900241_20221123.json
DR2001900241_20221208,0,train,0,DR2001900241,DR2001900241_20221208.tif,DR2001900241_20221208.json
DR2001900242_20220901,0,train,0,DR2001900242,DR2001900242_20220901.tif,DR2001900242_20220901.json
DR2001900242_20220907,0,train,0,DR2001900242,DR2001900242_20220907.tif,DR2001900242_20220907.json
DR2001900242_20220921,0,train,0,DR2001900242,DR2001900242_20220921.tif,DR2001900242_20220921.json
DR2001900242_20221014,0,train,0,DR2001900242,DR2001900242_20221014.tif,DR2001900242_20221014.json
DR2001900242_20221020,0,train,0,DR2001900242,DR2001900242_20221020.tif,DR2001900242_20221020.json
DR2001900242_20221026,0,train,0,DR2001900242,DR2001900242_20221026.tif,DR2001900242_20221026.json
DR2001900242_20221108,0,train,0,DR2001900242,DR2001900242_20221108.tif,DR2001900242_20221108.json
DR2001900242_20221118,0,train,0,DR2001900242,DR2001900242_20221118.tif,DR2001900242_20221118.json
DR2001900242_20221123,0,train,0,DR2001900242,DR2001900242_20221123.tif,DR2001900242_20221123.json
DR2001900242_20221208,0,train,0,DR2001900242,DR2001900242_20221208.tif,DR2001900242_20221208.json
DR2001900243_20220901,0,train,0,DR2001900243,DR2001900243_20220901.tif,DR2001900243_20220901.json
DR2001900243_20220907,0,train,0,DR2001900243,DR2001900243_20220907.tif,DR2001900243_20220907.json
DR2001900243_20220921,0,train,0,DR2001900243,DR2001900243_20220921.tif,DR2001900243_20220921.json
DR2001900243_20221014,0,train,0,DR2001900243,DR2001900243_20221014.tif,DR2001900243_20221014.json
DR2001900243_20221020,0,train,0,DR2001900243,DR2001900243_20221020.tif,DR2001900243_20221020.json
DR2001900243_20221026,0,train,0,DR2001900243,DR2001900243_20221026.tif,DR2001900243_20221026.json
DR2001900243_20221108,0,train,0,DR2001900243,DR2001900243_20221108.tif,DR2001900243_20221108.json
DR2001900243_20221118,0,train,0,DR2001900243,DR2001900243_20221118.tif,DR2001900243_20221118.json
DR2001900243_20221123,0,train,0,DR2001900243,DR2001900243_20221123.tif,DR2001900243_20221123.json
DR2001900243_20221208,0,train,0,DR2001900243,DR2001900243_20221208.tif,DR2001900243_20221208.json
DR2001900245_20220901,0,excluded_buffer,0,DR2001900245,DR2001900245_20220901.tif,DR2001900245_20220901.json
DR2001900245_20220907,0,excluded_buffer,0,DR2001900245,DR2001900245_20220907.tif,DR2001900245_20220907.json
DR2001900245_20220921,0,excluded_buffer,0,DR2001900245,DR2001900245_20220921.tif,DR2001900245_20220921.json
DR2001900245_20221014,0,excluded_buffer,0,DR2001900245,DR2001900245_20221014.tif,DR2001900245_20221014.json
DR2001900245_20221020,0,excluded_buffer,0,DR2001900245,DR2001900245_20221020.tif,DR2001900245_20221020.json
DR2001900245_20221026,0,excluded_buffer,0,DR2001900245,DR2001900245_20221026.tif,DR2001900245_20221026.json
DR2001900245_20221108,0,excluded_buffer,0,DR2001900245,DR2001900245_20221108.tif,DR2001900245_20221108.json
DR2001900245_20221118,0,excluded_buffer,0,DR2001900245,DR2001900245_20221118.tif,DR2001900245_20221118.json
DR2001900245_20221123,0,excluded_buffer,0,DR2001900245,DR2001900245_20221123.tif,DR2001900245_20221123.json
DR2001900245_20221208,0,excluded_buffer,0,DR2001900245,DR2001900245_20221208.tif,DR2001900245_20221208.json
DR2001900246_20220901,0,val,1,DR2001900246,DR2001900246_20220901.tif,DR2001900246_20220901.json
DR2001900246_20220907,0,val,1,DR2001900246,DR2001900246_20220907.tif,DR2001900246_20220907.json
DR2001900246_20220921,0,val,0,DR2001900246,DR2001900246_20220921.tif,DR2001900246_20220921.json
DR2001900246_20221014,0,val,1,DR2001900246,DR2001900246_20221014.tif,DR2001900246_20221014.json
DR2001900246_20221020,0,val,1,DR2001900246,DR2001900246_20221020.tif,DR2001900246_20221020.json
DR2001900246_20221026,0,val,1,DR2001900246,DR2001900246_20221026.tif,DR2001900246_20221026.json
DR2001900246_20221108,0,val,1,DR2001900246,DR2001900246_20221108.tif,DR2001900246_20221108.json
DR2001900246_20221118,0,val,1,DR2001900246,DR2001900246_20221118.tif,DR2001900246_20221118.json
DR2001900246_20221123,0,val,1,DR2001900246,DR2001900246_20221123.tif,DR2001900246_20221123.json
DR2001900246_20221208,0,val,1,DR2001900246,DR2001900246_20221208.tif,DR2001900246_20221208.json
DR2001900247_20220901,0,excluded_buffer,0,DR2001900247,DR2001900247_20220901.tif,DR2001900247_20220901.json
DR2001900247_20220907,0,excluded_buffer,0,DR2001900247,DR2001900247_20220907.tif,DR2001900247_20220907.json
DR2001900247_20220921,0,excluded_buffer,0,DR2001900247,DR2001900247_20220921.tif,DR2001900247_20220921.json
DR2001900247_20221014,0,excluded_buffer,0,DR2001900247,DR2001900247_20221014.tif,DR2001900247_20221014.json
DR2001900247_20221020,0,excluded_buffer,0,DR2001900247,DR2001900247_20221020.tif,DR2001900247_20221020.json
DR2001900247_20221026,0,excluded_buffer,0,DR2001900247,DR2001900247_20221026.tif,DR2001900247_20221026.json
DR2001900247_20221108,0,excluded_buffer,0,DR2001900247,DR2001900247_20221108.tif,DR2001900247_20221108.json
DR2001900247_20221118,0,excluded_buffer,0,DR2001900247,DR2001900247_20221118.tif,DR2001900247_20221118.json
DR2001900247_20221123,0,excluded_buffer,0,DR2001900247,DR2001900247_20221123.tif,DR2001900247_20221123.json
DR2001900247_20221208,0,excluded_buffer,0,DR2001900247,DR2001900247_20221208.tif,DR2001900247_20221208.json
DR2001900248_20220901,0,excluded_buffer,0,DR2001900248,DR2001900248_20220901.tif,DR2001900248_20220901.json
DR2001900248_20220907,0,excluded_buffer,0,DR2001900248,DR2001900248_20220907.tif,DR2001900248_20220907.json
DR2001900248_20220921,0,excluded_buffer,0,DR2001900248,DR2001900248_20220921.tif,DR2001900248_20220921.json
DR2001900248_20221014,0,excluded_buffer,0,DR2001900248,DR2001900248_20221014.tif,DR2001900248_20221014.json
DR2001900248_20221020,0,excluded_buffer,0,DR2001900248,DR2001900248_20221020.tif,DR2001900248_20221020.json
DR2001900248_20221026,0,excluded_buffer,0,DR2001900248,DR2001900248_20221026.tif,DR2001900248_20221026.json
DR2001900248_20221108,0,excluded_buffer,0,DR2001900248,DR2001900248_20221108.tif,DR2001900248_20221108.json
DR2001900248_20221118,0,excluded_buffer,0,DR2001900248,DR2001900248_20221118.tif,DR2001900248_20221118.json
DR2001900248_20221123,0,excluded_buffer,0,DR2001900248,DR2001900248_20221123.tif,DR2001900248_20221123.json
DR2001900248_20221208,0,excluded_buffer,0,DR2001900248,DR2001900248_20221208.tif,DR2001900248_20221208.json
DR2001910237_20220901,0,train,0,DR2001910237,DR2001910237_20220901.tif,DR2001910237_20220901.json
DR2001910237_20220907,0,train,0,DR2001910237,DR2001910237_20220907.tif,DR2001910237_20220907.json
DR2001910237_20220921,0,train,0,DR2001910237,DR2001910237_20220921.tif,DR2001910237_20220921.json
DR2001910237_20221014,0,train,0,DR2001910237,DR2001910237_20221014.tif,DR2001910237_20221014.json
DR2001910237_20221020,0,train,0,DR2001910237,DR2001910237_20221020.tif,DR2001910237_20221020.json
DR2001910237_20221026,0,train,0,DR2001910237,DR2001910237_20221026.tif,DR2001910237_20221026.json
DR2001910237_20221108,0,train,0,DR2001910237,DR2001910237_20221108.tif,DR2001910237_20221108.json
DR2001910237_20221118,0,train,0,DR2001910237,DR2001910237_20221118.tif,DR2001910237_20221118.json
DR2001910237_20221123,0,train,0,DR2001910237,DR2001910237_20221123.tif,DR2001910237_20221123.json
DR2001910237_20221208,0,train,0,DR2001910237,DR2001910237_20221208.tif,DR2001910237_20221208.json
DR2001910238_20220901,0,train,1,DR2001910238,DR2001910238_20220901.tif,DR2001910238_20220901.json
DR2001910238_20220907,0,train,0,DR2001910238,DR2001910238_20220907.tif,DR2001910238_20220907.json
DR2001910238_20220921,0,train,0,DR2001910238,DR2001910238_20220921.tif,DR2001910238_20220921.json
DR2001910238_20221014,0,train,1,DR2001910238,DR2001910238_20221014.tif,DR2001910238_20221014.json
DR2001910238_20221020,0,train,1,DR2001910238,DR2001910238_20221020.tif,DR2001910238_20221020.json
DR2001910238_20221026,0,train,1,DR2001910238,DR2001910238_20221026.tif,DR2001910238_20221026.json
DR2001910238_20221108,0,train,1,DR2001910238,DR2001910238_20221108.tif,DR2001910238_20221108.json
DR2001910238_20221118,0,train,1,DR2001910238,DR2001910238_20221118.tif,DR2001910238_20221118.json
DR2001910238_20221123,0,train,1,DR2001910238,DR2001910238_20221123.tif,DR2001910238_20221123.json
DR2001910238_20221208,0,train,1,DR2001910238,DR2001910238_20221208.tif,DR2001910238_20221208.json
DR2001910239_20220901,0,train,0,DR2001910239,DR2001910239_20220901.tif,DR2001910239_20220901.json
DR2001910239_20220907,0,train,0,DR2001910239,DR2001910239_20220907.tif,DR2001910239_20220907.json
DR2001910239_20220921,0,train,0,DR2001910239,DR2001910239_20220921.tif,DR2001910239_20220921.json
DR2001910239_20221014,0,train,1,DR2001910239,DR2001910239_20221014.tif,DR2001910239_20221014.json
DR2001910239_20221020,0,train,1,DR2001910239,DR2001910239_20221020.tif,DR2001910239_20221020.json
DR2001910239_20221026,0,train,1,DR2001910239,DR2001910239_20221026.tif,DR2001910239_20221026.json
DR2001910239_20221108,0,train,1,DR2001910239,DR2001910239_20221108.tif,DR2001910239_20221108.json
DR2001910239_20221118,0,train,1,DR2001910239,DR2001910239_20221118.tif,DR2001910239_20221118.json
DR2001910239_20221123,0,train,1,DR2001910239,DR2001910239_20221123.tif,DR2001910239_20221123.json
DR2001910239_20221208,0,train,1,DR2001910239,DR2001910239_20221208.tif,DR2001910239_20221208.json
DR2001910240_20220901,0,train,0,DR2001910240,DR2001910240_20220901.tif,DR2001910240_20220901.json
DR2001910240_20220907,0,train,0,DR2001910240,DR2001910240_20220907.tif,DR2001910240_20220907.json
DR2001910240_20220921,0,train,0,DR2001910240,DR2001910240_20220921.tif,DR2001910240_20220921.json
DR2001910240_20221014,0,train,1,DR2001910240,DR2001910240_20221014.tif,DR2001910240_20221014.json
DR2001910240_20221020,0,train,1,DR2001910240,DR2001910240_20221020.tif,DR2001910240_20221020.json
DR2001910240_20221026,0,train,1,DR2001910240,DR2001910240_20221026.tif,DR2001910240_20221026.json
DR2001910240_20221108,0,train,1,DR2001910240,DR2001910240_20221108.tif,DR2001910240_20221108.json
DR2001910240_20221118,0,train,1,DR2001910240,DR2001910240_20221118.tif,DR2001910240_20221118.json
DR2001910240_20221123,0,train,1,DR2001910240,DR2001910240_20221123.tif,DR2001910240_20221123.json
DR2001910240_20221208,0,train,1,DR2001910240,DR2001910240_20221208.tif,DR2001910240_20221208.json
DR2001910241_20220901,0,train,0,DR2001910241,DR2001910241_20220901.tif,DR2001910241_20220901.json
DR2001910241_20220907,0,train,1,DR2001910241,DR2001910241_20220907.tif,DR2001910241_20220907.json
DR2001910241_20220921,0,train,1,DR2001910241,DR2001910241_20220921.tif,DR2001910241_20220921.json
DR2001910241_20221014,0,train,1,DR2001910241,DR2001910241_20221014.tif,DR2001910241_20221014.json
DR2001910241_20221020,0,train,1,DR2001910241,DR2001910241_20221020.tif,DR2001910241_20221020.json
DR2001910241_20221026,0,train,1,DR2001910241,DR2001910241_20221026.tif,DR2001910241_20221026.json
DR2001910241_20221108,0,train,1,DR2001910241,DR2001910241_20221108.tif,DR2001910241_20221108.json
DR2001910241_20221118,0,train,1,DR2001910241,DR2001910241_20221118.tif,DR2001910241_20221118.json
DR2001910241_20221123,0,train,1,DR2001910241,DR2001910241_20221123.tif,DR2001910241_20221123.json
DR2001910241_20221208,0,train,1,DR2001910241,DR2001910241_20221208.tif,DR2001910241_20221208.json
DR2001910242_20220901,0,train,0,DR2001910242,DR2001910242_20220901.tif,DR2001910242_20220901.json
DR2001910242_20220907,0,train,1,DR2001910242,DR2001910242_20220907.tif,DR2001910242_20220907.json
DR2001910242_20220921,0,train,1,DR2001910242,DR2001910242_20220921.tif,DR2001910242_20220921.json
DR2001910242_20221014,0,train,0,DR2001910242,DR2001910242_20221014.tif,DR2001910242_20221014.json
DR2001910242_20221020,0,train,0,DR2001910242,DR2001910242_20221020.tif,DR2001910242_20221020.json
DR2001910242_20221026,0,train,0,DR2001910242,DR2001910242_20221026.tif,DR2001910242_20221026.json
DR2001910242_20221108,0,train,0,DR2001910242,DR2001910242_20221108.tif,DR2001910242_20221108.json
DR2001910242_20221118,0,train,0,DR2001910242,DR2001910242_20221118.tif,DR2001910242_20221118.json
DR2001910242_20221123,0,train,0,DR2001910242,DR2001910242_20221123.tif,DR2001910242_20221123.json
DR2001910242_20221208,0,train,0,DR2001910242,DR2001910242_20221208.tif,DR2001910242_20221208.json
DR2001910243_20220901,0,train,0,DR2001910243,DR2001910243_20220901.tif,DR2001910243_20220901.json
DR2001910243_20220907,0,train,0,DR2001910243,DR2001910243_20220907.tif,DR2001910243_20220907.json
DR2001910243_20220921,0,train,0,DR2001910243,DR2001910243_20220921.tif,DR2001910243_20220921.json
DR2001910243_20221014,0,train,0,DR2001910243,DR2001910243_20221014.tif,DR2001910243_20221014.json
DR2001910243_20221020,0,train,0,DR2001910243,DR2001910243_20221020.tif,DR2001910243_20221020.json
DR2001910243_20221026,0,train,0,DR2001910243,DR2001910243_20221026.tif,DR2001910243_20221026.json
DR2001910243_20221108,0,train,0,DR2001910243,DR2001910243_20221108.tif,DR2001910243_20221108.json
DR2001910243_20221118,0,train,0,DR2001910243,DR2001910243_20221118.tif,DR2001910243_20221118.json
DR2001910243_20221123,0,train,0,DR2001910243,DR2001910243_20221123.tif,DR2001910243_20221123.json
DR2001910243_20221208,0,train,0,DR2001910243,DR2001910243_20221208.tif,DR2001910243_20221208.json
DR2001910244_20220901,0,excluded_buffer,0,DR2001910244,DR2001910244_20220901.tif,DR2001910244_20220901.json
DR2001910244_20220907,0,excluded_buffer,0,DR2001910244,DR2001910244_20220907.tif,DR2001910244_20220907.json
DR2001910244_20220921,0,excluded_buffer,0,DR2001910244,DR2001910244_20220921.tif,DR2001910244_20220921.json
DR2001910244_20221014,0,excluded_buffer,0,DR2001910244,DR2001910244_20221014.tif,DR2001910244_20221014.json
DR2001910244_20221020,0,excluded_buffer,0,DR2001910244,DR2001910244_20221020.tif,DR2001910244_20221020.json
DR2001910244_20221026,0,excluded_buffer,0,DR2001910244,DR2001910244_20221026.tif,DR2001910244_20221026.json
DR2001910244_20221108,0,excluded_buffer,0,DR2001910244,DR2001910244_20221108.tif,DR2001910244_20221108.json
DR2001910244_20221118,0,excluded_buffer,0,DR2001910244,DR2001910244_20221118.tif,DR2001910244_20221118.json
DR2001910244_20221123,0,excluded_buffer,0,DR2001910244,DR2001910244_20221123.tif,DR2001910244_20221123.json
DR2001910244_20221208,0,excluded_buffer,0,DR2001910244,DR2001910244_20221208.tif,DR2001910244_20221208.json
DR2001910245_20220901,0,excluded_buffer,0,DR2001910245,DR2001910245_20220901.tif,DR2001910245_20220901.json
DR2001910245_20220907,0,excluded_buffer,0,DR2001910245,DR2001910245_20220907.tif,DR2001910245_20220907.json
DR2001910245_20220921,0,excluded_buffer,0,DR2001910245,DR2001910245_20220921.tif,DR2001910245_20220921.json
DR2001910245_20221014,0,excluded_buffer,0,DR2001910245,DR2001910245_20221014.tif,DR2001910245_20221014.json
DR2001910245_20221020,0,excluded_buffer,0,DR2001910245,DR2001910245_20221020.tif,DR2001910245_20221020.json
DR2001910245_20221026,0,excluded_buffer,0,DR2001910245,DR2001910245_20221026.tif,DR2001910245_20221026.json
DR2001910245_20221108,0,excluded_buffer,0,DR2001910245,DR2001910245_20221108.tif,DR2001910245_20221108.json
DR2001910245_20221118,0,excluded_buffer,0,DR2001910245,DR2001910245_20221118.tif,DR2001910245_20221118.json
DR2001910245_20221123,0,excluded_buffer,0,DR2001910245,DR2001910245_20221123.tif,DR2001910245_20221123.json
DR2001910245_20221208,0,excluded_buffer,0,DR2001910245,DR2001910245_20221208.tif,DR2001910245_20221208.json
DR2001910246_20220901,0,val,0,DR2001910246,DR2001910246_20220901.tif,DR2001910246_20220901.json
DR2001910246_20220907,0,val,0,DR2001910246,DR2001910246_20220907.tif,DR2001910246_20220907.json
DR2001910246_20220921,0,val,0,DR2001910246,DR2001910246_20220921.tif,DR2001910246_20220921.json
DR2001910246_20221014,0,val,1,DR2001910246,DR2001910246_20221014.tif,DR2001910246_20221014.json
DR2001910246_20221020,0,val,1,DR2001910246,DR2001910246_20221020.tif,DR2001910246_20221020.json
DR2001910246_20221026,0,val,1,DR2001910246,DR2001910246_20221026.tif,DR2001910246_20221026.json
DR2001910246_20221108,0,val,1,DR2001910246,DR2001910246_20221108.tif,DR2001910246_20221108.json
DR2001910246_20221118,0,val,1,DR2001910246,DR2001910246_20221118.tif,DR2001910246_20221118.json
DR2001910246_20221123,0,val,1,DR2001910246,DR2001910246_20221123.tif,DR2001910246_20221123.json
DR2001910246_20221208,0,val,1,DR2001910246,DR2001910246_20221208.tif,DR2001910246_20221208.json
DR2001910247_20220901,0,excluded_buffer,0,DR2001910247,DR2001910247_20220901.tif,DR2001910247_20220901.json
DR2001910247_20220907,0,excluded_buffer,0,DR2001910247,DR2001910247_20220907.tif,DR2001910247_20220907.json
DR2001910247_20220921,0,excluded_buffer,0,DR2001910247,DR2001910247_20220921.tif,DR2001910247_20220921.json
DR2001910247_20221014,0,excluded_buffer,0,DR2001910247,DR2001910247_20221014.tif,DR2001910247_20221014.json
DR2001910247_20221020,0,excluded_buffer,0,DR2001910247,DR2001910247_20221020.tif,DR2001910247_20221020.json
DR2001910247_20221026,0,excluded_buffer,0,DR2001910247,DR2001910247_20221026.tif,DR2001910247_20221026.json
DR2001910247_20221108,0,excluded_buffer,0,DR2001910247,DR2001910247_20221108.tif,DR2001910247_20221108.json
DR2001910247_20221118,0,excluded_buffer,0,DR2001910247,DR2001910247_20221118.tif,DR2001910247_20221118.json
DR2001910247_20221123,0,excluded_buffer,0,DR2001910247,DR2001910247_20221123.tif,DR2001910247_20221123.json
DR2001910247_20221208,0,excluded_buffer,0,DR2001910247,DR2001910247_20221208.tif,DR2001910247_20221208.json
DR2001920237_20220901,0,train,0,DR2001920237,DR2001920237_20220901.tif,DR2001920237_20220901.json
DR2001920237_20220907,0,train,0,DR2001920237,DR2001920237_20220907.tif,DR2001920237_20220907.json
DR2001920237_20220921,0,train,0,DR2001920237,DR2001920237_20220921.tif,DR2001920237_20220921.json
DR2001920237_20221014,0,train,0,DR2001920237,DR2001920237_20221014.tif,DR2001920237_20221014.json
DR2001920237_20221020,0,train,0,DR2001920237,DR2001920237_20221020.tif,DR2001920237_20221020.json
DR2001920237_20221026,0,train,0,DR2001920237,DR2001920237_20221026.tif,DR2001920237_20221026.json
DR2001920237_20221108,0,train,0,DR2001920237,DR2001920237_20221108.tif,DR2001920237_20221108.json
DR2001920237_20221118,0,train,0,DR2001920237,DR2001920237_20221118.tif,DR2001920237_20221118.json
DR2001920237_20221123,0,train,0,DR2001920237,DR2001920237_20221123.tif,DR2001920237_20221123.json
DR2001920237_20221208,0,train,0,DR2001920237,DR2001920237_20221208.tif,DR2001920237_20221208.json
DR2001920238_20220901,0,train,0,DR2001920238,DR2001920238_20220901.tif,DR2001920238_20220901.json
DR2001920238_20220907,0,train,0,DR2001920238,DR2001920238_20220907.tif,DR2001920238_20220907.json
DR2001920238_20220921,0,train,0,DR2001920238,DR2001920238_20220921.tif,DR2001920238_20220921.json
DR2001920238_20221014,0,train,0,DR2001920238,DR2001920238_20221014.tif,DR2001920238_20221014.json
DR2001920238_20221020,0,train,0,DR2001920238,DR2001920238_20221020.tif,DR2001920238_20221020.json
DR2001920238_20221026,0,train,0,DR2001920238,DR2001920238_20221026.tif,DR2001920238_20221026.json
DR2001920238_20221108,0,train,0,DR2001920238,DR2001920238_20221108.tif,DR2001920238_20221108.json
DR2001920238_20221118,0,train,0,DR2001920238,DR2001920238_20221118.tif,DR2001920238_20221118.json
DR2001920238_20221123,0,train,0,DR2001920238,DR2001920238_20221123.tif,DR2001920238_20221123.json
DR2001920238_20221208,0,train,0,DR2001920238,DR2001920238_20221208.tif,DR2001920238_20221208.json
DR2001920239_20220901,0,train,0,DR2001920239,DR2001920239_20220901.tif,DR2001920239_20220901.json
DR2001920239_20220907,0,train,0,DR2001920239,DR2001920239_20220907.tif,DR2001920239_20220907.json
DR2001920239_20220921,0,train,0,DR2001920239,DR2001920239_20220921.tif,DR2001920239_20220921.json
DR2001920239_20221014,0,train,0,DR2001920239,DR2001920239_20221014.tif,DR2001920239_20221014.json
DR2001920239_20221020,0,train,0,DR2001920239,DR2001920239_20221020.tif,DR2001920239_20221020.json
DR2001920239_20221026,0,train,0,DR2001920239,DR2001920239_20221026.tif,DR2001920239_20221026.json
DR2001920239_20221108,0,train,0,DR2001920239,DR2001920239_20221108.tif,DR2001920239_20221108.json
DR2001920239_20221118,0,train,0,DR2001920239,DR2001920239_20221118.tif,DR2001920239_20221118.json
DR2001920239_20221123,0,train,0,DR2001920239,DR2001920239_20221123.tif,DR2001920239_20221123.json
DR2001920239_20221208,0,train,1,DR2001920239,DR2001920239_20221208.tif,DR2001920239_20221208.json
DR2001920240_20220901,0,train,0,DR2001920240,DR2001920240_20220901.tif,DR2001920240_20220901.json
DR2001920240_20220907,0,train,0,DR2001920240,DR2001920240_20220907.tif,DR2001920240_20220907.json
DR2001920240_20220921,0,train,0,DR2001920240,DR2001920240_20220921.tif,DR2001920240_20220921.json
DR2001920240_20221014,0,train,0,DR2001920240,DR2001920240_20221014.tif,DR2001920240_20221014.json
DR2001920240_20221020,0,train,0,DR2001920240,DR2001920240_20221020.tif,DR2001920240_20221020.json
DR2001920240_20221026,0,train,0,DR2001920240,DR2001920240_20221026.tif,DR2001920240_20221026.json
DR2001920240_20221108,0,train,0,DR2001920240,DR2001920240_20221108.tif,DR2001920240_20221108.json
DR2001920240_20221118,0,train,0,DR2001920240,DR2001920240_20221118.tif,DR2001920240_20221118.json
DR2001920240_20221123,0,train,0,DR2001920240,DR2001920240_20221123.tif,DR2001920240_20221123.json
DR2001920240_20221208,0,train,0,DR2001920240,DR2001920240_20221208.tif,DR2001920240_20221208.json
DR2001920241_20220901,0,train,0,DR2001920241,DR2001920241_20220901.tif,DR2001920241_20220901.json
DR2001920241_20220907,0,train,0,DR2001920241,DR2001920241_20220907.tif,DR2001920241_20220907.json
DR2001920241_20220921,0,train,1,DR2001920241,DR2001920241_20220921.tif,DR2001920241_20220921.json
DR2001920241_20221014,0,train,1,DR2001920241,DR2001920241_20221014.tif,DR2001920241_20221014.json
DR2001920241_20221020,0,train,1,DR2001920241,DR2001920241_20221020.tif,DR2001920241_20221020.json
DR2001920241_20221026,0,train,1,DR2001920241,DR2001920241_20221026.tif,DR2001920241_20221026.json
DR2001920241_20221108,0,train,1,DR2001920241,DR2001920241_20221108.tif,DR2001920241_20221108.json
DR2001920241_20221118,0,train,1,DR2001920241,DR2001920241_20221118.tif,DR2001920241_20221118.json
DR2001920241_20221123,0,train,1,DR2001920241,DR2001920241_20221123.tif,DR2001920241_20221123.json
DR2001920241_20221208,0,train,1,DR2001920241,DR2001920241_20221208.tif,DR2001920241_20221208.json
DR2001920242_20220901,0,train,0,DR2001920242,DR2001920242_20220901.tif,DR2001920242_20220901.json
DR2001920242_20220907,0,train,1,DR2001920242,DR2001920242_20220907.tif,DR2001920242_20220907.json
DR2001920242_20220921,0,train,1,DR2001920242,DR2001920242_20220921.tif,DR2001920242_20220921.json
DR2001920242_20221014,0,train,0,DR2001920242,DR2001920242_20221014.tif,DR2001920242_20221014.json
DR2001920242_20221020,0,train,0,DR2001920242,DR2001920242_20221020.tif,DR2001920242_20221020.json
DR2001920242_20221026,0,train,0,DR2001920242,DR2001920242_20221026.tif,DR2001920242_20221026.json
DR2001920242_20221108,0,train,0,DR2001920242,DR2001920242_20221108.tif,DR2001920242_20221108.json
DR2001920242_20221118,0,train,0,DR2001920242,DR2001920242_20221118.tif,DR2001920242_20221118.json
DR2001920242_20221123,0,train,0,DR2001920242,DR2001920242_20221123.tif,DR2001920242_20221123.json
DR2001920242_20221208,0,train,0,DR2001920242,DR2001920242_20221208.tif,DR2001920242_20221208.json
DR2001920243_20220901,0,train,0,DR2001920243,DR2001920243_20220901.tif,DR2001920243_20220901.json
DR2001920243_20220907,0,train,0,DR2001920243,DR2001920243_20220907.tif,DR2001920243_20220907.json
DR2001920243_20220921,0,train,0,DR2001920243,DR2001920243_20220921.tif,DR2001920243_20220921.json
DR2001920243_20221014,0,train,0,DR2001920243,DR2001920243_20221014.tif,DR2001920243_20221014.json
DR2001920243_20221020,0,train,0,DR2001920243,DR2001920243_20221020.tif,DR2001920243_20221020.json
DR2001920243_20221026,0,train,0,DR2001920243,DR2001920243_20221026.tif,DR2001920243_20221026.json
DR2001920243_20221108,0,train,0,DR2001920243,DR2001920243_20221108.tif,DR2001920243_20221108.json
DR2001920243_20221118,0,train,0,DR2001920243,DR2001920243_20221118.tif,DR2001920243_20221118.json
DR2001920243_20221123,0,train,0,DR2001920243,DR2001920243_20221123.tif,DR2001920243_20221123.json
DR2001920243_20221208,0,train,0,DR2001920243,DR2001920243_20221208.tif,DR2001920243_20221208.json
DR2001920245_20220901,0,val,0,DR2001920245,DR2001920245_20220901.tif,DR2001920245_20220901.json
DR2001920245_20220907,0,val,1,DR2001920245,DR2001920245_20220907.tif,DR2001920245_20220907.json
DR2001920245_20220921,0,val,0,DR2001920245,DR2001920245_20220921.tif,DR2001920245_20220921.json
DR2001920245_20221014,0,val,0,DR2001920245,DR2001920245_20221014.tif,DR2001920245_20221014.json
DR2001920245_20221020,0,val,1,DR2001920245,DR2001920245_20221020.tif,DR2001920245_20221020.json
DR2001920245_20221026,0,val,1,DR2001920245,DR2001920245_20221026.tif,DR2001920245_20221026.json
DR2001920245_20221108,0,val,1,DR2001920245,DR2001920245_20221108.tif,DR2001920245_20221108.json
DR2001920245_20221118,0,val,1,DR2001920245,DR2001920245_20221118.tif,DR2001920245_20221118.json
DR2001920245_20221123,0,val,1,DR2001920245,DR2001920245_20221123.tif,DR2001920245_20221123.json
DR2001920245_20221208,0,val,1,DR2001920245,DR2001920245_20221208.tif,DR2001920245_20221208.json
DR2001930238_20220901,0,train,0,DR2001930238,DR2001930238_20220901.tif,DR2001930238_20220901.json
DR2001930238_20220907,0,train,0,DR2001930238,DR2001930238_20220907.tif,DR2001930238_20220907.json
DR2001930238_20220921,0,train,0,DR2001930238,DR2001930238_20220921.tif,DR2001930238_20220921.json
DR2001930238_20221014,0,train,0,DR2001930238,DR2001930238_20221014.tif,DR2001930238_20221014.json
DR2001930238_20221020,0,train,0,DR2001930238,DR2001930238_20221020.tif,DR2001930238_20221020.json
DR2001930238_20221026,0,train,0,DR2001930238,DR2001930238_20221026.tif,DR2001930238_20221026.json
DR2001930238_20221108,0,train,0,DR2001930238,DR2001930238_20221108.tif,DR2001930238_20221108.json
DR2001930238_20221118,0,train,0,DR2001930238,DR2001930238_20221118.tif,DR2001930238_20221118.json
DR2001930238_20221123,0,train,0,DR2001930238,DR2001930238_20221123.tif,DR2001930238_20221123.json
DR2001930238_20221208,0,train,0,DR2001930238,DR2001930238_20221208.tif,DR2001930238_20221208.json
DR2001930239_20220901,0,train,0,DR2001930239,DR2001930239_20220901.tif,DR2001930239_20220901.json
DR2001930239_20220907,0,train,0,DR2001930239,DR2001930239_20220907.tif,DR2001930239_20220907.json
DR2001930239_20220921,0,train,0,DR2001930239,DR2001930239_20220921.tif,DR2001930239_20220921.json
DR2001930239_20221014,0,train,0,DR2001930239,DR2001930239_20221014.tif,DR2001930239_20221014.json
DR2001930239_20221020,0,train,0,DR2001930239,DR2001930239_20221020.tif,DR2001930239_20221020.json
DR2001930239_20221026,0,train,0,DR2001930239,DR2001930239_20221026.tif,DR2001930239_20221026.json
DR2001930239_20221108,0,train,0,DR2001930239,DR2001930239_20221108.tif,DR2001930239_20221108.json
DR2001930239_20221118,0,train,0,DR2001930239,DR2001930239_20221118.tif,DR2001930239_20221118.json
DR2001930239_20221123,0,train,0,DR2001930239,DR2001930239_20221123.tif,DR2001930239_20221123.json
DR2001930239_20221208,0,train,0,DR2001930239,DR2001930239_20221208.tif,DR2001930239_20221208.json
DR2001930240_20220901,0,train,0,DR2001930240,DR2001930240_20220901.tif,DR2001930240_20220901.json
DR2001930240_20220907,0,train,0,DR2001930240,DR2001930240_20220907.tif,DR2001930240_20220907.json
DR2001930240_20220921,0,train,0,DR2001930240,DR2001930240_20220921.tif,DR2001930240_20220921.json
DR2001930240_20221014,0,train,0,DR2001930240,DR2001930240_20221014.tif,DR2001930240_20221014.json
DR2001930240_20221020,0,train,0,DR2001930240,DR2001930240_20221020.tif,DR2001930240_20221020.json
DR2001930240_20221026,0,train,0,DR2001930240,DR2001930240_20221026.tif,DR2001930240_20221026.json
DR2001930240_20221108,0,train,0,DR2001930240,DR2001930240_20221108.tif,DR2001930240_20221108.json
DR2001930240_20221118,0,train,0,DR2001930240,DR2001930240_20221118.tif,DR2001930240_20221118.json
DR2001930240_20221123,0,train,0,DR2001930240,DR2001930240_20221123.tif,DR2001930240_20221123.json
DR2001930240_20221208,0,train,0,DR2001930240,DR2001930240_20221208.tif,DR2001930240_20221208.json
DR2001930241_20220901,0,train,0,DR2001930241,DR2001930241_20220901.tif,DR2001930241_20220901.json
DR2001930241_20220907,0,train,0,DR2001930241,DR2001930241_20220907.tif,DR2001930241_20220907.json
DR2001930241_20220921,0,train,0,DR2001930241,DR2001930241_20220921.tif,DR2001930241_20220921.json
DR2001930241_20221014,0,train,0,DR2001930241,DR2001930241_20221014.tif,DR2001930241_20221014.json
DR2001930241_20221020,0,train,0,DR2001930241,DR2001930241_20221020.tif,DR2001930241_20221020.json
DR2001930241_20221026,0,train,0,DR2001930241,DR2001930241_20221026.tif,DR2001930241_20221026.json
DR2001930241_20221108,0,train,0,DR2001930241,DR2001930241_20221108.tif,DR2001930241_20221108.json
DR2001930241_20221118,0,train,0,DR2001930241,DR2001930241_20221118.tif,DR2001930241_20221118.json
DR2001930241_20221123,0,train,0,DR2001930241,DR2001930241_20221123.tif,DR2001930241_20221123.json
DR2001930241_20221208,0,train,0,DR2001930241,DR2001930241_20221208.tif,DR2001930241_20221208.json
DR2001930242_20220901,0,train,0,DR2001930242,DR2001930242_20220901.tif,DR2001930242_20220901.json
DR2001930242_20220907,0,train,0,DR2001930242,DR2001930242_20220907.tif,DR2001930242_20220907.json
DR2001930242_20220921,0,train,0,DR2001930242,DR2001930242_20220921.tif,DR2001930242_20220921.json
DR2001930242_20221014,0,train,0,DR2001930242,DR2001930242_20221014.tif,DR2001930242_20221014.json
DR2001930242_20221020,0,train,0,DR2001930242,DR2001930242_20221020.tif,DR2001930242_20221020.json
DR2001930242_20221026,0,train,0,DR2001930242,DR2001930242_20221026.tif,DR2001930242_20221026.json
DR2001930242_20221108,0,train,0,DR2001930242,DR2001930242_20221108.tif,DR2001930242_20221108.json
DR2001930242_20221118,0,train,0,DR2001930242,DR2001930242_20221118.tif,DR2001930242_20221118.json
DR2001930242_20221123,0,train,0,DR2001930242,DR2001930242_20221123.tif,DR2001930242_20221123.json
DR2001930242_20221208,0,train,0,DR2001930242,DR2001930242_20221208.tif,DR2001930242_20221208.json
DR2001930244_20220901,0,excluded_buffer,0,DR2001930244,DR2001930244_20220901.tif,DR2001930244_20220901.json
DR2001930244_20220907,0,excluded_buffer,0,DR2001930244,DR2001930244_20220907.tif,DR2001930244_20220907.json
DR2001930244_20220921,0,excluded_buffer,0,DR2001930244,DR2001930244_20220921.tif,DR2001930244_20220921.json
DR2001930244_20221014,0,excluded_buffer,0,DR2001930244,DR2001930244_20221014.tif,DR2001930244_20221014.json
DR2001930244_20221020,0,excluded_buffer,0,DR2001930244,DR2001930244_20221020.tif,DR2001930244_20221020.json
DR2001930244_20221026,0,excluded_buffer,0,DR2001930244,DR2001930244_20221026.tif,DR2001930244_20221026.json
DR2001930244_20221108,0,excluded_buffer,0,DR2001930244,DR2001930244_20221108.tif,DR2001930244_20221108.json
DR2001930244_20221118,0,excluded_buffer,0,DR2001930244,DR2001930244_20221118.tif,DR2001930244_20221118.json
DR2001930244_20221123,0,excluded_buffer,0,DR2001930244,DR2001930244_20221123.tif,DR2001930244_20221123.json
DR2001930244_20221208,0,excluded_buffer,0,DR2001930244,DR2001930244_20221208.tif,DR2001930244_20221208.json
DR2001930246_20220901,0,excluded_buffer,0,DR2001930246,DR2001930246_20220901.tif,DR2001930246_20220901.json
DR2001930246_20220907,0,excluded_buffer,0,DR2001930246,DR2001930246_20220907.tif,DR2001930246_20220907.json
DR2001930246_20220921,0,excluded_buffer,0,DR2001930246,DR2001930246_20220921.tif,DR2001930246_20220921.json
DR2001930246_20221014,0,excluded_buffer,0,DR2001930246,DR2001930246_20221014.tif,DR2001930246_20221014.json
DR2001930246_20221020,0,excluded_buffer,0,DR2001930246,DR2001930246_20221020.tif,DR2001930246_20221020.json
DR2001930246_20221026,0,excluded_buffer,0,DR2001930246,DR2001930246_20221026.tif,DR2001930246_20221026.json
DR2001930246_20221108,0,excluded_buffer,0,DR2001930246,DR2001930246_20221108.tif,DR2001930246_20221108.json
DR2001930246_20221118,0,excluded_buffer,0,DR2001930246,DR2001930246_20221118.tif,DR2001930246_20221118.json
DR2001930246_20221123,0,excluded_buffer,0,DR2001930246,DR2001930246_20221123.tif,DR2001930246_20221123.json
DR2001930246_20221208,0,excluded_buffer,0,DR2001930246,DR2001930246_20221208.tif,DR2001930246_20221208.json
